0.13369417190551758,0.0,0.0,0.0,0.0
0.2782466411590576,0.0,0.0,0.0,0.0
0.4268779754638672,0.0,0.0,0.0,0.0
0.5835151672363281,0.0,0.0,0.0,0.0
0.7304937839508057,0.0,0.0,0.0,0.0
0.8822498321533203,0.0,0.0,0.0,0.0
1.0328357219696045,-0.034999999999999996,-0.034999999999999996,0.0,0.0
1.1836955547332764,-0.034999999999999996,-0.034999999999999996,0.0,0.0
1.3351099491119385,-0.034999999999999996,-0.034999999999999996,0.0,0.0
1.4857025146484375,-0.034999999999999996,-0.034999999999999996,0.0,0.0
1.6322102546691895,-0.034999999999999996,-0.034999999999999996,0.0,0.0
1.7852003574371338,-0.034999999999999996,-0.034999999999999996,0.0,0.0
1.9370570182800293,-0.034999999999999996,-0.034999999999999996,0.0,0.0
2.0883185863494873,-0.034999999999999996,-0.034999999999999996,0.0,0.0
2.2403564453125,-0.034999999999999996,-0.034999999999999996,0.0,0.0
2.386828899383545,-0.034999999999999996,-0.034999999999999996,0.0,0.0
2.551872730255127,-0.034999999999999996,-0.034999999999999996,0.0,0.0
2.6954894065856934,-0.034999999999999996,-0.034999999999999996,0.0,0.0
2.843127489089966,-0.034999999999999996,-0.034999999999999996,0.0,0.0
2.991604804992676,-0.034999999999999996,-0.034999999999999996,0.0,0.0
3.142886161804199,-0.034999999999999996,-0.034999999999999996,0.0,0.0
3.2968456745147705,-0.034999999999999996,-0.034999999999999996,0.0,0.0
3.4486100673675537,-0.034999999999999996,-0.034999999999999996,0.0,0.0
3.598792791366577,-0.034999999999999996,-0.034999999999999996,0.0,0.0
3.7439749240875244,-0.034999999999999996,-0.034999999999999996,0.0,0.0
3.9015982151031494,-0.034999999999999996,-0.034999999999999996,0.0,0.0
4.053877830505371,-0.034999999999999996,-0.034999999999999996,0.0,0.0
4.199591159820557,-0.034999999999999996,-0.034999999999999996,0.0,0.0
4.369027853012085,-0.034999999999999996,-0.034999999999999996,0.0,0.0
4.5009050369262695,-0.034999999999999996,-0.034999999999999996,0.0,0.0
4.649869441986084,-0.034999999999999996,-0.034999999999999996,0.0,0.0
4.806859493255615,-0.034999999999999996,-0.034999999999999996,0.0,0.0
4.951116323471069,-0.034999999999999996,-0.034999999999999996,0.0,0.0
5.103897571563721,-0.034999999999999996,-0.034999999999999996,0.0,0.0
5.256622552871704,-0.034999999999999996,-0.034999999999999996,0.0,0.0
5.410796880722046,-0.034999999999999996,-0.034999999999999996,0.0,0.0
5.556891441345215,-0.034999999999999996,-0.034999999999999996,0.0,0.0
5.703896522521973,-0.034999999999999996,-0.034999999999999996,0.0,0.0
5.857292413711548,-0.034999999999999996,-0.034999999999999996,0.0,0.0
6.009932994842529,-0.06999999999999999,-0.06999999999999999,0.0,0.0
6.157846450805664,-0.06999999999999999,-0.06999999999999999,0.0,0.0
6.308253526687622,-0.06999999999999999,-0.06999999999999999,0.0,0.0
6.457505464553833,-0.06999999999999999,-0.06999999999999999,0.0,0.0
6.60992956161499,-0.06999999999999999,-0.06999999999999999,0.0,0.0
6.7607035636901855,-0.06999999999999999,-0.06999999999999999,0.0,0.0
6.913242816925049,-0.06999999999999999,-0.06999999999999999,0.0,0.0
7.060231447219849,-0.06999999999999999,-0.06999999999999999,0.0,0.0
7.215753793716431,-0.06999999999999999,-0.06999999999999999,0.0,0.0
7.364361524581909,-0.06999999999999999,-0.06999999999999999,0.0,0.0
7.5111308097839355,-0.06999999999999999,-0.06999999999999999,0.0,0.0
7.66539454460144,-0.06999999999999999,-0.06999999999999999,0.0,0.0
7.815263986587524,-0.06999999999999999,-0.06999999999999999,0.0,0.0
7.96738862991333,-0.06999999999999999,-0.06999999999999999,0.0,0.0
8.128656148910522,-0.06999999999999999,-0.06999999999999999,0.0,0.0
8.269249200820923,-0.06999999999999999,-0.06999999999999999,0.0,0.0
8.41630482673645,-0.06999999999999999,-0.06999999999999999,0.0,0.0
8.573323965072632,-0.06999999999999999,-0.06999999999999999,0.0,0.0
8.720492601394653,-0.06999999999999999,-0.06999999999999999,0.0,0.0
8.871290922164917,-0.06999999999999999,-0.06999999999999999,0.0,0.0
9.021015644073486,-0.06999999999999999,-0.06999999999999999,0.0,0.0
9.17090654373169,-0.06999999999999999,-0.06999999999999999,0.0,0.0
9.323546171188354,-0.06999999999999999,-0.06999999999999999,0.0,0.0
9.475400447845459,-0.06999999999999999,-0.06999999999999999,0.0,0.0
9.624046087265015,-0.06999999999999999,-0.06999999999999999,0.0,0.0
9.77320122718811,-0.06999999999999999,-0.06999999999999999,0.0,0.0
9.930808782577515,-0.06999999999999999,-0.06999999999999999,0.0,0.0
10.076122045516968,-0.06999999999999999,-0.06999999999999999,0.0,0.0
10.227987051010132,-0.06999999999999999,-0.06999999999999999,0.0,0.0
10.383898258209229,-0.06999999999999999,-0.06999999999999999,0.0,0.0
10.535286664962769,-0.06999999999999999,-0.06999999999999999,0.0,0.0
10.683983087539673,-0.06999999999999999,-0.06999999999999999,0.0,0.0
10.831896781921387,-0.06999999999999999,-0.06999999999999999,0.0,0.0
10.980767965316772,-0.10499999999999998,-0.10499999999999998,0.0,0.0
11.130587577819824,-0.10499999999999998,-0.10499999999999998,0.0,0.0
11.28283429145813,-0.10499999999999998,-0.10499999999999998,0.0,0.0
11.434498310089111,-0.10499999999999998,-0.10499999999999998,0.0,0.0
11.583508491516113,-0.10499999999999998,-0.10499999999999998,0.0,0.0
11.739649534225464,-0.10499999999999998,-0.10499999999999998,0.0,0.0
11.886624574661255,-0.10499999999999998,-0.10499999999999998,0.0,0.0
12.036662340164185,-0.10499999999999998,-0.10499999999999998,0.0,0.0
12.18889594078064,-0.10499999999999998,-0.10499999999999998,0.0,0.0
12.340748071670532,-0.10499999999999998,-0.10499999999999998,0.0,0.0
12.489929437637329,-0.10499999999999998,-0.10499999999999998,0.0,0.0
12.639221906661987,-0.10499999999999998,-0.10499999999999998,0.0,0.0
12.793336868286133,-0.10499999999999998,-0.10499999999999998,0.0,0.0
12.940918207168579,-0.10499999999999998,-0.10499999999999998,0.0,0.0
13.095368146896362,-0.10499999999999998,-0.10499999999999998,0.0,0.0
13.243720769882202,-0.10499999999999998,-0.10499999999999998,0.0,0.0
13.397356748580933,-0.10499999999999998,-0.10499999999999998,0.0,0.0
13.54425859451294,-0.10499999999999998,-0.10499999999999998,0.0,0.0
13.695099115371704,-0.10499999999999998,-0.10499999999999998,0.0,0.0
13.844284296035767,-0.10499999999999998,-0.10499999999999998,0.0,0.0
13.999482154846191,-0.10499999999999998,-0.10499999999999998,0.0,0.0
14.147543668746948,-0.10499999999999998,-0.10499999999999998,0.0,0.0
14.299667596817017,-0.10499999999999998,-0.10499999999999998,0.0,0.0
14.45332407951355,-0.10499999999999998,-0.10499999999999998,0.0,0.0
14.600037574768066,-0.10499999999999998,-0.10499999999999998,0.0,0.0
14.749812364578247,-0.10499999999999998,-0.10499999999999998,0.0,0.0
14.902658700942993,-0.10499999999999998,-0.10499999999999998,0.0,0.0
15.053765296936035,-0.10499999999999998,-0.10499999999999998,0.0,0.0
15.20606279373169,-0.10499999999999998,-0.10499999999999998,0.0,0.0
15.355137348175049,-0.10499999999999998,-0.10499999999999998,0.0,0.0
15.502087354660034,-0.10499999999999998,-0.10499999999999998,0.0,0.0
15.654896974563599,-0.10499999999999998,-0.10499999999999998,0.0,0.0
15.812743186950684,-0.10499999999999998,-0.10499999999999998,0.0,0.0
15.962174415588379,-0.13999999999999999,-0.13999999999999999,0.0,0.0
16.110061407089233,-0.13999999999999999,-0.13999999999999999,0.0,0.0
16.256515979766846,-0.13999999999999999,-0.13999999999999999,0.0,0.0
16.40736413002014,-0.13999999999999999,-0.13999999999999999,0.0,0.0
16.55900526046753,-0.13999999999999999,-0.13999999999999999,0.0,0.0
16.710440635681152,-0.13999999999999999,-0.13999999999999999,0.0,0.0
16.862452268600464,-0.13999999999999999,-0.13999999999999999,0.0,0.0
17.01203680038452,-0.13999999999999999,-0.13999999999999999,0.0,0.0
17.17189073562622,-0.13999999999999999,-0.13999999999999999,0.0,0.0
17.328396797180176,-0.13999999999999999,-0.13999999999999999,0.0,0.0
17.466013431549072,-0.13999999999999999,-0.13999999999999999,0.0,0.0
17.61124038696289,-0.13999999999999999,-0.13999999999999999,0.0,0.0
17.76559591293335,-0.13999999999999999,-0.13999999999999999,0.0,0.0
17.916391134262085,-0.13999999999999999,-0.13999999999999999,0.0,0.0
18.06637144088745,-0.13999999999999999,-0.13999999999999999,0.0,0.0
18.218658924102783,-0.13999999999999999,-0.13999999999999999,0.0,0.0
18.37043333053589,-0.13999999999999999,-0.13999999999999999,0.0,0.0
18.53591752052307,-0.13999999999999999,-0.13999999999999999,0.0,0.0
18.67430019378662,-0.13999999999999999,-0.13999999999999999,0.0,0.0
18.822189331054688,-0.13999999999999999,-0.13999999999999999,0.0,0.0
18.972574949264526,-0.13999999999999999,-0.13999999999999999,0.0,0.0
19.121227979660034,-0.13999999999999999,-0.13999999999999999,0.0,0.0
19.2736554145813,-0.13999999999999999,-0.13999999999999999,0.0,0.0
19.4203519821167,-0.13999999999999999,-0.13999999999999999,0.0,0.0
19.572354316711426,-0.13999999999999999,-0.13999999999999999,0.0,0.0
19.78584885597229,-0.13999999999999999,-0.13999999999999999,0.0,0.0
19.888774633407593,-0.13999999999999999,-0.13999999999999999,0.0,0.0
20.0432345867157,-0.13999999999999999,-0.13999999999999999,0.0,0.0
20.177799701690674,-0.13999999999999999,-0.13999999999999999,0.0,0.0
20.327688932418823,-0.13999999999999999,-0.13999999999999999,0.0,0.0
20.482447624206543,-0.13999999999999999,-0.13999999999999999,0.0,0.0
20.63386821746826,-0.13999999999999999,-0.13999999999999999,0.0,0.0
20.782036781311035,-0.13999999999999999,-0.13999999999999999,0.0,0.0
20.932254314422607,-0.13999999999999999,-0.13999999999999999,0.0,0.0
21.082871913909912,-0.175,-0.175,0.0,0.0
21.23260188102722,-0.175,-0.175,0.0,0.0
21.384862184524536,-0.175,-0.175,0.0,0.0
21.534648895263672,-0.175,-0.175,0.0,0.0
21.681772232055664,-0.175,-0.175,0.0,0.0
21.838173151016235,-0.175,-0.175,0.0,0.0
21.984383583068848,-0.175,-0.175,0.0,0.0
22.134217977523804,-0.175,-0.175,0.0,0.0
22.292153120040894,-0.175,-0.175,0.0,0.0
22.43910503387451,-0.175,-0.175,0.0,0.0
22.58799982070923,-0.175,-0.175,0.0,0.0
22.73824405670166,-0.175,-0.175,0.0,0.0
22.89021897315979,-0.175,-0.175,0.0,0.0
23.042421579360962,-0.175,-0.175,0.0,0.0
23.192185401916504,-0.175,-0.175,0.0,0.0
23.34517002105713,-0.175,-0.175,0.0,0.0
23.497156858444214,-0.175,-0.175,0.0,0.0
23.648600101470947,-0.175,-0.175,0.0,0.0
23.798698663711548,-0.175,-0.175,0.0,0.0
23.947282314300537,-0.175,-0.175,0.0,0.0
24.099060773849487,-0.175,-0.175,0.0,0.0
24.246811389923096,-0.175,-0.175,0.0,0.0
24.400930643081665,-0.175,-0.175,0.0,0.0
24.552319049835205,-0.175,-0.175,0.0,0.0
24.698949337005615,-0.175,-0.175,0.0,0.0
24.853096961975098,-0.175,-0.175,0.0,0.0
25.003148078918457,-0.175,-0.175,0.0,0.0
25.155630826950073,-0.175,-0.175,0.0,0.0
25.316164016723633,-0.175,-0.175,0.0,0.0
25.452921867370605,-0.175,-0.175,0.0,0.0
25.604671239852905,-0.175,-0.175,0.0,0.0
25.76068139076233,-0.175,-0.175,0.0,0.0
25.903244256973267,-0.175,-0.175,0.0,0.0
26.05461359024048,-0.21,-0.21,0.0,0.0
26.206190824508667,-0.21,-0.21,0.0,0.0
26.35755157470703,-0.21,-0.21,0.0,0.0
26.513507604599,-0.21,-0.21,0.0,0.0
26.660353660583496,-0.21,-0.21,0.0,0.0
26.813605308532715,-0.21,-0.21,0.0,0.0
26.96418833732605,-0.21,-0.21,0.0,0.0
27.11268973350525,-0.21,-0.21,0.0,0.0
27.260610103607178,-0.21,-0.21,0.0,0.0
27.421934127807617,-0.21,-0.21,0.0,0.0
27.564018487930298,-0.21,-0.21,0.0,0.0
27.719520568847656,-0.21,-0.21,0.0,0.0
27.867785930633545,-0.21,-0.21,0.0,0.0
28.019196271896362,-0.21,-0.21,0.0,0.0
28.166218996047974,-0.21,-0.21,0.0,0.0
28.318683385849,-0.21,-0.21,0.0,0.0
28.471665620803833,-0.21,-0.21,0.0,0.0
28.621021509170532,-0.21,-0.21,0.0,0.0
28.7724347114563,-0.21,-0.21,0.0,0.0
28.92264151573181,-0.21,-0.21,0.0,0.0
29.076390027999878,-0.21,-0.21,0.0,0.0
29.223708629608154,-0.21,-0.21,0.0,0.0
29.376503229141235,-0.21,-0.21,0.0,0.0
29.526220321655273,-0.21,-0.21,0.0,0.0
29.685451984405518,-0.21,-0.21,0.0,0.0
29.831199884414673,-0.21,-0.21,0.0,0.0
29.97533869743347,-0.21,-0.21,0.0,0.0
30.127128839492798,-0.21,-0.21,0.0,0.0
30.280517101287842,-0.21,-0.21,0.0,0.0
30.43349575996399,-0.21,-0.21,0.0,0.0
30.582568407058716,-0.21,-0.21,0.0,0.0
30.733977794647217,-0.21,-0.21,0.0,0.0
30.881825923919678,-0.21,-0.21,0.0,0.0
31.03569459915161,-0.245,-0.245,0.0,0.0
31.184093236923218,-0.245,-0.245,0.0,0.0
31.334768772125244,-0.245,-0.245,0.0,0.0
31.484671354293823,-0.245,-0.245,0.0,0.0
31.633398056030273,-0.245,-0.245,0.0,0.0
31.79329776763916,-0.245,-0.245,0.0,0.0
31.940439224243164,-0.245,-0.245,0.0,0.0
32.088935136795044,-0.245,-0.245,0.0,0.0
32.238080739974976,-0.245,-0.245,0.0,0.0
32.40957260131836,-0.245,-0.245,0.0,0.0
32.541847229003906,-0.245,-0.245,0.0,0.0
32.69108176231384,-0.245,-0.245,0.0,0.0
32.8387348651886,-0.245,-0.245,0.0,0.0
32.99264597892761,-0.245,-0.245,0.0,0.0
33.15003538131714,-0.245,-0.245,0.0,0.0
33.294687271118164,-0.245,-0.245,0.0,0.0
33.450846910476685,-0.245,-0.245,0.0,0.0
33.5937020778656,-0.245,-0.245,0.0,0.0
33.747511863708496,-0.245,-0.245,0.0,0.0
33.89794111251831,-0.245,-0.245,0.0,0.0
34.05296444892883,-0.245,-0.245,0.0,0.0
34.19945049285889,-0.245,-0.245,0.0,0.0
34.35211396217346,-0.245,-0.245,0.0,0.0
34.50559139251709,-0.245,-0.245,0.0,0.0
34.65121364593506,-0.245,-0.245,0.0,0.0
34.80715489387512,-0.245,-0.245,0.0,0.0
34.95292353630066,-0.245,-0.245,0.0,0.0
35.108734130859375,-0.245,-0.245,0.0,0.0
35.25756502151489,-0.245,-0.245,0.0,0.0
35.40921878814697,-0.245,-0.245,0.0,0.0
35.55354118347168,-0.245,-0.245,0.0,0.0
35.70797514915466,-0.245,-0.245,0.0,0.0
35.85872960090637,-0.245,-0.245,0.0,0.0
36.01763606071472,-0.27999999999999997,-0.27999999999999997,0.0,0.0
36.16120529174805,-0.27999999999999997,-0.27999999999999997,0.0,0.0
36.3098623752594,-0.27999999999999997,-0.27999999999999997,0.0,0.0
36.46093940734863,-0.27999999999999997,-0.27999999999999997,0.0,0.0
36.60992622375488,-0.27999999999999997,-0.27999999999999997,0.0,0.0
36.75994253158569,-0.27999999999999997,-0.27999999999999997,0.0,0.0
36.909642934799194,-0.27999999999999997,-0.27999999999999997,0.0,0.0
37.06198787689209,-0.27999999999999997,-0.27999999999999997,0.0,0.0
37.21253967285156,-0.27999999999999997,-0.27999999999999997,0.0,0.0
37.36595559120178,-0.27999999999999997,-0.27999999999999997,0.0,0.0
37.51291847229004,-0.27999999999999997,-0.27999999999999997,0.0,0.0
37.66517424583435,-0.27999999999999997,-0.27999999999999997,0.0,0.0
37.822792053222656,-0.27999999999999997,-0.27999999999999997,0.0,0.0
37.96751403808594,-0.27999999999999997,-0.27999999999999997,0.0,0.0
38.11908531188965,-0.27999999999999997,-0.27999999999999997,0.0,0.0
38.270715951919556,-0.27999999999999997,-0.27999999999999997,0.0,0.0
38.4177622795105,-0.27999999999999997,-0.27999999999999997,0.0,0.0
38.574387550354004,-0.27999999999999997,-0.27999999999999997,0.0,0.0
38.72239875793457,-0.27999999999999997,-0.27999999999999997,0.0,0.0
38.87028193473816,-0.27999999999999997,-0.27999999999999997,0.0,0.0
39.022340059280396,-0.27999999999999997,-0.27999999999999997,0.0,0.0
39.171021938323975,-0.27999999999999997,-0.27999999999999997,0.0,0.0
39.32381200790405,-0.27999999999999997,-0.27999999999999997,0.0,0.0
39.47577929496765,-0.27999999999999997,-0.27999999999999997,0.0,0.0
39.62504196166992,-0.27999999999999997,-0.27999999999999997,0.0,0.0
39.776126861572266,-0.27999999999999997,-0.27999999999999997,0.0,0.0
39.92558288574219,-0.27999999999999997,-0.27999999999999997,0.0,0.0
40.074514627456665,-0.27999999999999997,-0.27999999999999997,0.0,0.0
40.23001980781555,-0.27999999999999997,-0.27999999999999997,0.0,0.0
40.38043570518494,-0.27999999999999997,-0.27999999999999997,0.0,0.0
40.533118724823,-0.27999999999999997,-0.27999999999999997,0.0,0.0
40.6814022064209,-0.27999999999999997,-0.27999999999999997,0.0,0.0
40.83375287055969,-0.27999999999999997,-0.27999999999999997,0.0,0.0
40.98309302330017,-0.31499999999999995,-0.31499999999999995,0.0,0.0
41.13305163383484,-0.31499999999999995,-0.31499999999999995,0.0,0.0
41.2828688621521,-0.31499999999999995,-0.31499999999999995,0.0,0.0
41.43275833129883,-0.31499999999999995,-0.31499999999999995,0.0,0.0
41.58460474014282,-0.31499999999999995,-0.31499999999999995,0.0,0.0
41.73476600646973,-0.31499999999999995,-0.31499999999999995,0.0,0.0
41.88458299636841,-0.31499999999999995,-0.31499999999999995,0.0,0.0
42.036375522613525,-0.31499999999999995,-0.31499999999999995,0.0,0.0
42.18330931663513,-0.31499999999999995,-0.31499999999999995,0.0,0.0
42.342315912246704,-0.31499999999999995,-0.31499999999999995,0.0,0.0
42.48939371109009,-0.31499999999999995,-0.31499999999999995,0.0,0.0
42.64173722267151,-0.31499999999999995,-0.31499999999999995,0.0,0.0
42.790746212005615,-0.31499999999999995,-0.31499999999999995,0.0,0.0
42.94352197647095,-0.31499999999999995,-0.31499999999999995,0.0,0.0
43.091580390930176,-0.31499999999999995,-0.31499999999999995,0.0,0.0
43.24168419837952,-0.31499999999999995,-0.31499999999999995,0.0,0.0
43.393202781677246,-0.31499999999999995,-0.31499999999999995,0.0,0.0
43.54173016548157,-0.31499999999999995,-0.31499999999999995,0.0,0.0
43.697694540023804,-0.31499999999999995,-0.31499999999999995,0.0,0.0
43.846237659454346,-0.31499999999999995,-0.31499999999999995,0.0,0.0
43.9977388381958,-0.31499999999999995,-0.31499999999999995,0.0,0.0
44.14863467216492,-0.31499999999999995,-0.31499999999999995,0.0,0.0
44.30061435699463,-0.31499999999999995,-0.31499999999999995,0.0,0.0
44.44913625717163,-0.31499999999999995,-0.31499999999999995,0.0,0.0
44.59612202644348,-0.31499999999999995,-0.31499999999999995,0.0,0.0
44.75116467475891,-0.31499999999999995,-0.31499999999999995,0.0,0.0
44.902392625808716,-0.31499999999999995,-0.31499999999999995,0.0,0.0
45.058064460754395,-0.31499999999999995,-0.31499999999999995,0.0,0.0
45.21503472328186,-0.31499999999999995,-0.31499999999999995,0.0,0.0
45.35432505607605,-0.31499999999999995,-0.31499999999999995,0.0,0.0
45.50192403793335,-0.31499999999999995,-0.31499999999999995,0.0,0.0
45.658836364746094,-0.31499999999999995,-0.31499999999999995,0.0,0.0
45.80500864982605,-0.31499999999999995,-0.31499999999999995,0.0,0.0
45.955761671066284,-0.31499999999999995,-0.31499999999999995,0.0,0.0
46.10771656036377,-0.3499999999999999,-0.3499999999999999,0.0,0.0
46.25885629653931,-0.3499999999999999,-0.3499999999999999,0.0,0.0
46.41023802757263,-0.3499999999999999,-0.3499999999999999,0.0,0.0
46.56222653388977,-0.3499999999999999,-0.3499999999999999,0.0,0.0
46.711424350738525,-0.3499999999999999,-0.3499999999999999,0.0,0.0
46.86567497253418,-0.3499999999999999,-0.3499999999999999,0.0,0.0
47.01199698448181,-0.3499999999999999,-0.3499999999999999,0.0,0.0
47.16327667236328,-0.3499999999999999,-0.3499999999999999,0.0,0.0
47.31261610984802,-0.3499999999999999,-0.3499999999999999,0.0,0.0
47.460992097854614,-0.3499999999999999,-0.3499999999999999,0.0,0.0
47.61162233352661,-0.3499999999999999,-0.3499999999999999,0.0,0.0
47.77219796180725,-0.3499999999999999,-0.3499999999999999,0.0,0.0
47.91768479347229,-0.3499999999999999,-0.3499999999999999,0.0,0.0
48.06967735290527,-0.3499999999999999,-0.3499999999999999,0.0,0.0
48.21608281135559,-0.3499999999999999,-0.3499999999999999,0.0,0.0
48.37111282348633,-0.3499999999999999,-0.3499999999999999,0.0,0.0
48.518770933151245,-0.3499999999999999,-0.3499999999999999,0.0,0.0
48.67195463180542,-0.3499999999999999,-0.3499999999999999,0.0,0.0
48.867511510849,-0.3499999999999999,-0.3499999999999999,0.0,0.0
48.97059464454651,-0.3499999999999999,-0.3499999999999999,0.0,0.0
49.12440276145935,-0.3499999999999999,-0.3499999999999999,0.0,0.0
49.27320051193237,-0.3499999999999999,-0.3499999999999999,0.0,0.0
49.42597937583923,-0.3499999999999999,-0.3499999999999999,0.0,0.0
49.57222890853882,-0.3499999999999999,-0.3499999999999999,0.0,0.0
49.72189712524414,-0.3499999999999999,-0.3499999999999999,0.0,0.0
49.887670278549194,-0.3499999999999999,-0.3499999999999999,0.0,0.0
50.025410890579224,-0.3499999999999999,-0.3499999999999999,0.0,0.0
50.17567753791809,-0.3499999999999999,-0.3499999999999999,0.0,0.0
50.32560133934021,-0.3499999999999999,-0.3499999999999999,0.0,0.0
50.4758780002594,-0.3499999999999999,-0.3499999999999999,0.0,0.0
50.62650966644287,-0.3499999999999999,-0.3499999999999999,0.0,0.0
50.783421993255615,-0.3499999999999999,-0.3499999999999999,0.0,0.0
50.92825365066528,-0.3499999999999999,-0.3499999999999999,0.0,0.0
51.08797812461853,-0.3849999999999999,-0.3849999999999999,0.0,0.0
51.23584794998169,-0.3849999999999999,-0.3849999999999999,0.0,0.0
51.380112409591675,-0.3849999999999999,-0.3849999999999999,0.0,0.0
51.52982783317566,-0.3849999999999999,-0.3849999999999999,0.0,0.0
51.68662714958191,-0.3849999999999999,-0.3849999999999999,0.0,0.0
51.83647322654724,-0.3849999999999999,-0.3849999999999999,0.0,0.0
51.98800301551819,-0.3849999999999999,-0.3849999999999999,0.0,0.0
52.1342613697052,-0.3849999999999999,-0.3849999999999999,0.0,0.0
52.2883985042572,-0.3849999999999999,-0.3849999999999999,0.0,0.0
52.43781399726868,-0.3849999999999999,-0.3849999999999999,0.0,0.0
52.588656425476074,-0.3849999999999999,-0.3849999999999999,0.0,0.0
52.74039602279663,-0.3849999999999999,-0.3849999999999999,0.0,0.0
52.893075466156006,-0.3849999999999999,-0.3849999999999999,0.0,0.0
53.043418884277344,-0.3849999999999999,-0.3849999999999999,0.0,0.0
53.19056940078735,-0.3849999999999999,-0.3849999999999999,0.0,0.0
53.35601830482483,-0.3849999999999999,-0.3849999999999999,0.0,0.0
53.494253635406494,-0.3849999999999999,-0.3849999999999999,0.0,0.0
53.66654706001282,-0.3849999999999999,-0.3849999999999999,0.0,0.0
53.795422315597534,-0.3849999999999999,-0.3849999999999999,0.0,0.0
53.94863843917847,-0.3849999999999999,-0.3849999999999999,0.0,0.0
54.106141805648804,-0.3849999999999999,-0.3849999999999999,0.0,0.0
54.24867248535156,-0.3849999999999999,-0.3849999999999999,0.0,0.0
54.39815354347229,-0.3849999999999999,-0.3849999999999999,0.0,0.0
54.54877209663391,-0.3849999999999999,-0.3849999999999999,0.0,0.0
54.69797897338867,-0.3849999999999999,-0.3849999999999999,0.0,0.0
54.850738286972046,-0.3849999999999999,-0.3849999999999999,0.0,0.0
55.002309799194336,-0.3849999999999999,-0.3849999999999999,0.0,0.0
55.15089702606201,-0.3849999999999999,-0.3849999999999999,0.0,0.0
55.304147243499756,-0.3849999999999999,-0.3849999999999999,0.0,0.0
55.45334720611572,-0.3849999999999999,-0.3849999999999999,0.0,0.0
55.60523438453674,-0.3849999999999999,-0.3849999999999999,0.0,0.0
55.75476813316345,-0.3849999999999999,-0.3849999999999999,0.0,0.0
55.904680490493774,-0.3849999999999999,-0.3849999999999999,0.0,0.0
56.0551073551178,-0.4199999999999999,-0.4199999999999999,0.0,0.0
56.20692563056946,-0.4199999999999999,-0.4199999999999999,0.0,0.0
56.358078479766846,-0.4199999999999999,-0.4199999999999999,0.0,0.0
56.50789761543274,-0.4199999999999999,-0.4199999999999999,0.0,0.0
56.66281342506409,-0.4199999999999999,-0.4199999999999999,0.0,0.0
56.8225622177124,-0.4199999999999999,-0.4199999999999999,0.0,0.0
56.974339723587036,-0.4199999999999999,-0.4199999999999999,0.0,0.0
57.11730647087097,-0.4199999999999999,-0.4199999999999999,0.0,0.0
57.281792402267456,-0.4199999999999999,-0.4199999999999999,0.0,0.0
57.4175181388855,-0.4199999999999999,-0.4199999999999999,0.0,0.0
57.56538391113281,-0.4199999999999999,-0.4199999999999999,0.0,0.0
57.719361305236816,-0.4199999999999999,-0.4199999999999999,0.0,0.0
57.864922761917114,-0.4199999999999999,-0.4199999999999999,0.0,0.0
58.01604080200195,-0.4199999999999999,-0.4199999999999999,0.0,0.0
58.16670036315918,-0.4199999999999999,-0.4199999999999999,0.0,0.0
58.32072067260742,-0.4199999999999999,-0.4199999999999999,0.0,0.0
58.46945261955261,-0.4199999999999999,-0.4199999999999999,0.0,0.0
58.618582010269165,-0.4199999999999999,-0.4199999999999999,0.0,0.0
58.787246227264404,-0.4199999999999999,-0.4199999999999999,0.0,0.0
58.922006130218506,-0.4199999999999999,-0.4199999999999999,0.0,0.0
59.07212996482849,-0.4199999999999999,-0.4199999999999999,0.0,0.0
59.2228569984436,-0.4199999999999999,-0.4199999999999999,0.0,0.0
59.373316526412964,-0.4199999999999999,-0.4199999999999999,0.0,0.0
59.520559787750244,-0.4199999999999999,-0.4199999999999999,0.0,0.0
59.67839980125427,-0.4199999999999999,-0.4199999999999999,0.0,0.0
59.828715801239014,-0.4199999999999999,-0.4199999999999999,0.0,0.0
59.97761106491089,-0.4199999999999999,-0.4199999999999999,0.0,0.0
60.128044843673706,-0.4199999999999999,-0.4199999999999999,0.0,0.0
60.27861666679382,-0.4199999999999999,-0.4199999999999999,0.0,0.0
60.42873501777649,-0.4199999999999999,-0.4199999999999999,0.0,0.0
60.580808877944946,-0.4199999999999999,-0.4199999999999999,0.0,0.0
60.72810745239258,-0.4199999999999999,-0.4199999999999999,0.0,0.0
60.88016891479492,-0.4199999999999999,-0.4199999999999999,0.0,0.0
61.03436756134033,-0.45499999999999985,-0.45499999999999985,0.0,0.0
61.18632245063782,-0.45499999999999985,-0.45499999999999985,0.0,0.0
61.33608675003052,-0.45499999999999985,-0.45499999999999985,0.0,0.0
61.54374885559082,-0.45499999999999985,-0.45499999999999985,0.0,0.0
61.64355707168579,-0.45499999999999985,-0.45499999999999985,0.0,0.0
61.80231690406799,-0.45499999999999985,-0.45499999999999985,0.0,0.0
61.93435096740723,-0.45499999999999985,-0.45499999999999985,0.0,0.0
62.08491277694702,-0.45499999999999985,-0.45499999999999985,0.0,0.0
62.236181020736694,-0.45499999999999985,-0.45499999999999985,0.0,0.0
62.40138626098633,-0.45499999999999985,-0.45499999999999985,0.0,0.0
62.53940296173096,-0.45499999999999985,-0.45499999999999985,0.0,0.0
62.692734241485596,-0.45499999999999985,-0.45499999999999985,0.0,0.0
62.842344522476196,-0.45499999999999985,-0.45499999999999985,0.0,0.0
62.99259281158447,-0.45499999999999985,-0.45499999999999985,0.0,0.0
63.14131712913513,-0.45499999999999985,-0.45499999999999985,0.0,0.0
63.29171085357666,-0.45499999999999985,-0.45499999999999985,0.0,0.0
63.442355155944824,-0.45499999999999985,-0.45499999999999985,0.0,0.0
63.59347200393677,-0.45499999999999985,-0.45499999999999985,0.0,0.0
63.74506092071533,-0.45499999999999985,-0.45499999999999985,0.0,0.0
63.89676094055176,-0.45499999999999985,-0.45499999999999985,0.0,0.0
64.04845809936523,-0.45499999999999985,-0.45499999999999985,0.0,0.0
64.19610571861267,-0.45499999999999985,-0.45499999999999985,0.0,0.0
64.35200023651123,-0.45499999999999985,-0.45499999999999985,0.0,0.0
64.49962615966797,-0.45499999999999985,-0.45499999999999985,0.0,0.0
64.66538453102112,-0.45499999999999985,-0.45499999999999985,0.0,0.0
64.80704665184021,-0.45499999999999985,-0.45499999999999985,0.0,0.0
64.95098853111267,-0.45499999999999985,-0.45499999999999985,0.0,0.0
65.10541105270386,-0.45499999999999985,-0.45499999999999985,0.0,0.0
65.26144123077393,-0.45499999999999985,-0.45499999999999985,0.0,0.0
65.40712308883667,-0.45499999999999985,-0.45499999999999985,0.0,0.0
65.55348896980286,-0.45499999999999985,-0.45499999999999985,0.0,0.0
65.70852017402649,-0.45499999999999985,-0.45499999999999985,0.0,0.0
65.8552176952362,-0.45499999999999985,-0.45499999999999985,0.0,0.0
66.0049479007721,-0.4899999999999998,-0.4899999999999998,0.0,0.0
66.1632125377655,-0.4899999999999998,-0.4899999999999998,0.0,0.0
66.30773115158081,-0.4899999999999998,-0.4899999999999998,0.0,0.0
66.45763754844666,-0.4899999999999998,-0.4899999999999998,0.0,0.0
66.6102044582367,-0.4899999999999998,-0.4899999999999998,0.0,0.0
66.75994825363159,-0.4899999999999998,-0.4899999999999998,0.0,0.0
66.91401171684265,-0.4899999999999998,-0.4899999999999998,0.0,0.0
67.06485080718994,-0.4899999999999998,-0.4899999999999998,0.0,0.0
67.21282505989075,-0.4899999999999998,-0.4899999999999998,0.0,0.0
67.36727213859558,-0.4899999999999998,-0.4899999999999998,0.0,0.0
67.52137994766235,-0.4899999999999998,-0.4899999999999998,0.0,0.0
67.66404604911804,-0.4899999999999998,-0.4899999999999998,0.0,0.0
67.81528663635254,-0.4899999999999998,-0.4899999999999998,0.0,0.0
67.98183941841125,-0.4899999999999998,-0.4899999999999998,0.0,0.0
68.11317729949951,-0.4899999999999998,-0.4899999999999998,0.0,0.0
68.26853966712952,-0.4899999999999998,-0.4899999999999998,0.0,0.0
68.41653203964233,-0.4899999999999998,-0.4899999999999998,0.0,0.0
68.57692527770996,-0.4899999999999998,-0.4899999999999998,0.0,0.0
68.72559762001038,-0.4899999999999998,-0.4899999999999998,0.0,0.0
68.88056421279907,-0.4899999999999998,-0.4899999999999998,0.0,0.0
69.02306413650513,-0.4899999999999998,-0.4899999999999998,0.0,0.0
69.16949439048767,-0.4899999999999998,-0.4899999999999998,0.0,0.0
69.32699728012085,-0.4899999999999998,-0.4899999999999998,0.0,0.0
69.47430348396301,-0.4899999999999998,-0.4899999999999998,0.0,0.0
69.62474584579468,-0.4899999999999998,-0.4899999999999998,0.0,0.0
69.77558875083923,-0.4899999999999998,-0.4899999999999998,0.0,0.0
69.92883825302124,-0.4899999999999998,-0.4899999999999998,0.0,0.0
70.07591271400452,-0.4899999999999998,-0.4899999999999998,0.0,0.0
70.22074341773987,-0.4899999999999998,-0.4899999999999998,0.0,0.0
70.37771344184875,-0.4899999999999998,-0.4899999999999998,0.0,0.0
70.52850103378296,-0.4899999999999998,-0.4899999999999998,0.0,0.0
70.6812252998352,-0.4899999999999998,-0.4899999999999998,0.0,0.0
70.83177351951599,-0.4899999999999998,-0.4899999999999998,0.0,0.0
70.98037004470825,-0.4899999999999998,-0.4899999999999998,0.0,0.0
71.13555860519409,-0.5249999999999998,-0.5249999999999998,0.0,0.0
71.28334879875183,-0.5249999999999998,-0.5249999999999998,0.0,-0.008252016692083947
71.43374037742615,-0.5249999999999998,-0.5249999999999998,0.0,0.0
71.59958720207214,-0.5249999999999998,-0.5249999999999998,0.0,0.0
71.73694825172424,-0.5249999999999998,-0.5249999999999998,0.0,0.0
71.88761901855469,-0.5249999999999998,-0.5249999999999998,0.0,0.0
72.03446292877197,-0.5249999999999998,-0.5249999999999998,0.0,0.0
72.18822717666626,-0.5249999999999998,-0.5249999999999998,0.0,0.0
72.34078431129456,-0.5249999999999998,-0.5249999999999998,0.0,0.0
72.48937034606934,-0.5249999999999998,-0.5249999999999998,0.0,0.0
72.63632869720459,-0.5249999999999998,-0.5249999999999998,0.0,0.0
72.79060435295105,-0.5249999999999998,-0.5249999999999998,0.0,0.0
72.94321298599243,-0.5249999999999998,-0.5249999999999998,0.0,0.0
73.09242343902588,-0.5249999999999998,-0.5249999999999998,0.0,0.0
73.24094533920288,-0.5249999999999998,-0.5249999999999998,0.0,0.0
73.39133644104004,-0.5249999999999998,-0.5249999999999998,0.0,0.0
73.54668927192688,-0.5249999999999998,-0.5249999999999998,0.0,0.0
73.70083737373352,-0.5249999999999998,-0.5249999999999998,0.0,0.0
73.84769010543823,-0.5249999999999998,-0.5249999999999998,0.0,0.0
73.99731802940369,-0.5249999999999998,-0.5249999999999998,0.0,0.0
74.14539742469788,-0.5249999999999998,-0.5249999999999998,0.0,0.0
74.29913687705994,-0.5249999999999998,-0.5249999999999998,0.0,0.0
74.4506573677063,-0.5249999999999998,-0.5249999999999998,0.0,0.0
74.5998375415802,-0.5249999999999998,-0.5249999999999998,0.0,0.0
74.74988865852356,-0.5249999999999998,-0.5249999999999998,0.0,0.0
74.90023064613342,-0.5249999999999998,-0.5249999999999998,0.0,0.0
75.05104088783264,-0.5249999999999998,-0.5249999999999998,0.0,0.0
75.20296931266785,-0.5249999999999998,-0.5249999999999998,0.0,0.0
75.35260486602783,-0.5249999999999998,-0.5249999999999998,0.0,0.0
75.50429797172546,-0.5249999999999998,-0.5249999999999998,0.0,0.0
75.66139507293701,-0.5249999999999998,-0.5249999999999998,0.0,0.0
75.80775165557861,-0.5249999999999998,-0.5249999999999998,0.0,0.0
75.95548224449158,-0.5249999999999998,-0.5249999999999998,0.0,0.0
76.1049656867981,-0.5599999999999998,-0.5599999999999998,0.0,0.0
76.25733137130737,-0.5599999999999998,-0.5599999999999998,0.0,0.0
76.41367435455322,-0.5599999999999998,-0.5599999999999998,0.0,0.0
76.55807304382324,-0.5599999999999998,-0.5599999999999998,0.0,0.0
76.70783710479736,-0.5599999999999998,-0.5599999999999998,0.0,0.0
76.86216902732849,-0.5599999999999998,-0.5599999999999998,0.0,0.0
77.01721715927124,-0.5599999999999998,-0.5599999999999998,0.0,0.0
77.16119456291199,-0.5599999999999998,-0.5599999999999998,0.0,0.0
77.308354139328,-0.5599999999999998,-0.5599999999999998,0.0,0.0
77.46262884140015,-0.5599999999999998,-0.5599999999999998,0.0,0.0
77.61697959899902,-0.5599999999999998,-0.5599999999999998,-0.008042216303692978,0.0
77.76155376434326,-0.5599999999999998,-0.5599999999999998,0.0,0.0
77.91514658927917,-0.5599999999999998,-0.5599999999999998,0.0,0.0
78.06797790527344,-0.5599999999999998,-0.5599999999999998,0.0,0.0
78.2210738658905,-0.5599999999999998,-0.5599999999999998,0.0,0.0
78.36859011650085,-0.5599999999999998,-0.5599999999999998,0.0,0.0
78.51619362831116,-0.5599999999999998,-0.5599999999999998,0.0,0.0
78.66646194458008,-0.5599999999999998,-0.5599999999999998,0.0,0.0
78.82012391090393,-0.5599999999999998,-0.5599999999999998,0.0,0.0
78.97323775291443,-0.5599999999999998,-0.5599999999999998,0.0,0.0
79.12437796592712,-0.5599999999999998,-0.5599999999999998,0.0,0.0
79.2730360031128,-0.5599999999999998,-0.5599999999999998,0.0,0.0
79.42028379440308,-0.5599999999999998,-0.5599999999999998,0.0,0.0
79.5750904083252,-0.5599999999999998,-0.5599999999999998,0.0,0.0
79.72270441055298,-0.5599999999999998,-0.5599999999999998,0.0,0.0
79.8770318031311,-0.5599999999999998,-0.5599999999999998,0.0,0.0
80.0262463092804,-0.5599999999999998,-0.5599999999999998,0.0,0.0
80.175053358078,-0.5599999999999998,-0.5599999999999998,0.0,0.0
80.32614541053772,-0.5599999999999998,-0.5599999999999998,0.0,0.0
80.48302459716797,-0.5599999999999998,-0.5599999999999998,0.0,0.0
80.63384795188904,-0.5599999999999998,-0.5599999999999998,0.0,0.0
80.78418493270874,-0.5599999999999998,-0.5599999999999998,0.0,0.0
80.9339382648468,-0.5599999999999998,-0.5599999999999998,0.0,0.0
81.08277559280396,-0.5949999999999999,-0.5949999999999999,0.0,0.0
81.22971558570862,-0.5949999999999999,-0.5949999999999999,0.0,-0.007623047369423554
81.38518452644348,-0.5949999999999999,-0.5949999999999999,0.0,0.0
81.55868172645569,-0.5949999999999999,-0.5949999999999999,0.0,0.0
81.71560907363892,-0.5949999999999999,-0.5949999999999999,0.0,0.0
81.83407998085022,-0.5949999999999999,-0.5949999999999999,0.0,0.0
81.98789024353027,-0.5949999999999999,-0.5949999999999999,0.0,-0.007654738362813404
82.13846254348755,-0.5949999999999999,-0.5949999999999999,0.0,0.0
82.28473734855652,-0.5949999999999999,-0.5949999999999999,0.0,0.0
82.43600702285767,-0.5949999999999999,-0.5949999999999999,-0.007166656959482,0.0
82.58604168891907,-0.5949999999999999,-0.5949999999999999,0.0,-0.007665314002832196
82.73687267303467,-0.5949999999999999,-0.5949999999999999,0.0,0.0
82.89248371124268,-0.5949999999999999,-0.5949999999999999,0.0,0.0
83.03837370872498,-0.5949999999999999,-0.5949999999999999,-0.007676757685341434,0.0
83.1882050037384,-0.5949999999999999,-0.5949999999999999,-0.008413713100482806,0.0
83.3405978679657,-0.5949999999999999,-0.5949999999999999,-0.007260192077639573,-0.007260192077639573
83.49945163726807,-0.5949999999999999,-0.5949999999999999,-0.02450167108376996,-0.02450167108376996
83.64409017562866,-0.5949999999999999,-0.5949999999999999,-0.04070720483677507,-0.032565763869420054
83.80101990699768,-0.5949999999999999,-0.5949999999999999,-0.04868320722624002,-0.04868320722624002
83.95431327819824,-0.5949999999999999,-0.5949999999999999,-0.05118355270233841,-0.04387161660200435
84.09793663024902,-0.5949999999999999,-0.5949999999999999,-0.056163755982001025,-0.04814036227028659
84.24687361717224,-0.5949999999999999,-0.5949999999999999,-0.06651534834697309,-0.05820092980360145
84.39753341674805,-0.5949999999999999,-0.5949999999999999,-0.05299486566788724,-0.045424170572474776
84.54902958869934,-0.5949999999999999,-0.5949999999999999,-0.052349148710862325,-0.052349148710862325
84.69655418395996,-0.5949999999999999,-0.5949999999999999,-0.06576900431692753,-0.06576900431692753
84.85398530960083,-0.5949999999999999,-0.5949999999999999,-0.08057738550003578,-0.07251964695003218
85.00086951255798,-0.5949999999999999,-0.5949999999999999,-0.08801365491204148,-0.08801365491204148
85.15643405914307,-0.5949999999999999,-0.5949999999999999,-0.10013634011552063,-0.0917916451058939
85.31529450416565,-0.5949999999999999,-0.5949999999999999,-0.09088423912177122,-0.08331055252829028
85.45540165901184,-0.5949999999999999,-0.5949999999999999,-0.08789357130095012,-0.0799032466372274
85.60371017456055,-0.5949999999999999,-0.5949999999999999,-0.08355743749402232,-0.07596130681274757
85.7574577331543,-0.5949999999999999,-0.5949999999999999,-0.0805866253336839,-0.06446930026694711
85.90598511695862,-0.5949999999999999,-0.5949999999999999,-0.08890355577153519,-0.08082141433775927
86.05501079559326,-0.6299999999999999,-0.6299999999999999,-0.08769249991910329,-0.08769249991910329
86.20989394187927,-0.6299999999999999,-0.6299999999999999,-0.10457075436329236,-0.09652685018150063
86.36153674125671,-0.6299999999999999,-0.6299999999999999,-0.14644621726249013,-0.13783173389410835
86.51079154014587,-0.6299999999999999,-0.6299999999999999,-0.12935210533782612,-0.12174315796501281
86.65730953216553,-0.6299999999999999,-0.6299999999999999,-0.1443153646104582,-0.1282803240981851
86.81367254257202,-0.6299999999999999,-0.6299999999999999,-0.12510929602724352,-0.11728996502554077
86.96158790588379,-0.6299999999999999,-0.6299999999999999,-0.14415364327264527,-0.13614510753527612
87.10983800888062,-0.6299999999999999,-0.6299999999999999,-0.1591024966252543,-0.15114737179399157
87.26065492630005,-0.6299999999999999,-0.6299999999999999,-0.15203354432246197,-0.13683018989021573
87.41463041305542,-0.6299999999999999,-0.6299999999999999,-0.16133049588490966,-0.14519744629641868
87.56294369697571,-0.6299999999999999,-0.6299999999999999,-0.13455870964465141,-0.1274766722949329
87.71380758285522,-0.6299999999999999,-0.6299999999999999,-0.15893135285035975,-0.15056654480560397
87.86776781082153,-0.6299999999999999,-0.6299999999999999,-0.13521732141441356,-0.12098391916026477
88.01254320144653,-0.6299999999999999,-0.6299999999999999,-0.14999000244155108,-0.13420158113191416
88.16844463348389,-0.6299999999999999,-0.6299999999999999,-0.1507968934797866,-0.13404168309314365
88.31989669799805,-0.6299999999999999,-0.6299999999999999,-0.15656954012655316,-0.13308410910757018
88.46667051315308,-0.6299999999999999,-0.6299999999999999,-0.16064669849054738,-0.15261436356601998
88.61829018592834,-0.6299999999999999,-0.6299999999999999,-0.15616528147064684,-0.14872883949585414
88.77152419090271,-0.6299999999999999,-0.6299999999999999,-0.17209504017716143,-0.15570503635076507
88.92431902885437,-0.6299999999999999,-0.6299999999999999,-0.17603399984465182,-0.1600309089496835
89.07160067558289,-0.6299999999999999,-0.6299999999999999,-0.15776655695502334,-0.14274117057835442
89.22652053833008,-0.6299999999999999,-0.6299999999999999,-0.14941661481779075,-0.13447495333601164
89.36947107315063,-0.6299999999999999,-0.6299999999999999,-0.1328660559851908,-0.12587310567018073
89.52594041824341,-0.6299999999999999,-0.6299999999999999,-0.1497312379553191,-0.1283410611045592
89.67471194267273,-0.6299999999999999,-0.6299999999999999,-0.1586598445944877,-0.14354938320453647
89.82777690887451,-0.6299999999999999,-0.6299999999999999,-0.17740755193927218,-0.16934357230566893
89.973952293396,-0.6299999999999999,-0.6299999999999999,-0.1565826174323289,-0.14875348656071244
90.12351894378662,-0.6299999999999999,-0.6299999999999999,-0.16676848423554605,-0.15009163581199142
90.278404712677,-0.6299999999999999,-0.6299999999999999,-0.14961865466630037,-0.13536925898379554
90.42705845832825,-0.6299999999999999,-0.6299999999999999,-0.16011446476065982,-0.14410301828459382
90.60354685783386,-0.6299999999999999,-0.6299999999999999,-0.14989319100332404,-0.1341149603713952
90.72600889205933,-0.6299999999999999,-0.6299999999999999,-0.18383843460371666,-0.15186653293350508
90.87778759002686,-0.6299999999999999,-0.6299999999999999,-0.14586497148389677,-0.12502711841476863
91.07311916351318,-0.6649999999999999,-0.6649999999999999,-0.19180195398177335,-0.16878571950396054
91.22547483444214,-0.6649999999999999,-0.6649999999999999,-0.19217931386090997,-0.1761643710391675
91.33176040649414,-0.6649999999999999,-0.6649999999999999,-0.183211364703087,-0.16911818280284951
91.48481249809265,-0.6649999999999999,-0.6649999999999999,-0.23341793805615965,-0.2092712548089707
91.63935208320618,-0.6649999999999999,-0.6649999999999999,-0.20578694045036908,-0.1899571758003407
91.78416562080383,-0.6649999999999999,-0.6649999999999999,-0.21705083488067511,-0.19293407544948898
91.93887901306152,-0.6649999999999999,-0.6649999999999999,-0.23205581685163287,-0.2080500426945674
92.0909378528595,-0.6649999999999999,-0.6649999999999999,-0.19525870591096867,-0.18023880545627877
92.2415041923523,-0.6649999999999999,-0.6649999999999999,-0.22464220488372516,-0.20859633310631623
92.39655709266663,-0.6649999999999999,-0.6649999999999999,-0.19280344633362942,-0.1779724120002733
92.54234266281128,-0.6649999999999999,-0.6649999999999999,-0.19734049074882504,-0.17365963185896602
92.69694519042969,-0.6649999999999999,-0.6649999999999999,-0.18014775542830955,-0.15853002477691241
92.84664249420166,-0.6649999999999999,-0.6649999999999999,-0.20104007275303704,-0.16887366111255114
92.99611067771912,-0.6649999999999999,-0.6649999999999999,-0.1938673430936174,-0.16963392520691525
93.15084028244019,-0.6649999999999999,-0.6649999999999999,-0.20153974832666957,-0.1773549785274692
93.29910230636597,-0.6649999999999999,-0.6649999999999999,-0.17454665004091113,-0.16000109587083522
93.44964456558228,-0.6649999999999999,-0.6649999999999999,-0.2250597270065606,-0.1929083374341948
93.60242104530334,-0.6649999999999999,-0.6649999999999999,-0.23432852051563657,-0.20085301758483134
93.74948263168335,-0.6649999999999999,-0.6649999999999999,-0.1672345129732458,-0.1393620941443715
93.90479040145874,-0.6649999999999999,-0.6649999999999999,-0.17773641711884536,-0.15551936497898972
94.05389595031738,-0.6649999999999999,-0.6649999999999999,-0.2070559117830656,-0.1831648450388657
94.20606303215027,-0.6649999999999999,-0.6649999999999999,-0.16456675376076316,-0.14960613978251197
94.35700368881226,-0.6649999999999999,-0.6649999999999999,-0.1583208552266586,-0.1432426785384054
94.51375389099121,-0.6649999999999999,-0.6649999999999999,-0.21274959908374985,-0.18820156842024025
94.66053104400635,-0.6649999999999999,-0.6649999999999999,-0.17602396850684368,-0.1600217895516761
94.81104946136475,-0.6649999999999999,-0.6649999999999999,-0.16771765502286973,-0.15247059547533615
94.95981669425964,-0.6649999999999999,-0.6649999999999999,-0.18078163391521937,-0.1493413497560508
95.11102509498596,-0.6649999999999999,-0.6649999999999999,-0.20753718119953188,-0.18263271945558804
95.26541876792908,-0.6649999999999999,-0.6649999999999999,-0.19993619309325902,-0.17594384992206794
95.41010928153992,-0.6649999999999999,-0.6649999999999999,-0.20091553473451781,-0.17680567056637567
95.56570410728455,-0.6649999999999999,-0.6649999999999999,-0.17766519285773769,-0.15449147205020672
95.71279001235962,-0.6649999999999999,-0.6649999999999999,-0.18913175114329586,-0.1654902822503839
95.87234854698181,-0.6649999999999999,-0.6649999999999999,-0.17223803026061332,-0.15726081023795133
96.01504349708557,-0.6649999999999999,-0.6649999999999999,-0.20855069658148492,-0.17646597403048722
96.1730318069458,-0.7,-0.7,-0.17848877433232496,-0.15617767754078438
96.31854677200317,-0.7,-0.7,-0.1910389854034036,-0.16811430715499517
96.47067332267761,-0.7,-0.7,-0.24420078874390844,-0.21978070986951762
96.61878538131714,-0.7,-0.7,-0.2100167750983734,-0.18001437865574862
96.77284240722656,-0.7,-0.7,-0.24196566007967574,-0.20163805006639646
96.9268045425415,-0.7,-0.7,-0.2318773828304439,-0.20868964454739955
97.07965898513794,-0.7,-0.7,-0.2502195236430001,-0.22519757127870013
97.22857713699341,-0.7,-0.7,-0.23318425036069262,-0.20906174170268993
97.37521862983704,-0.7,-0.7,-0.22718815919893806,-0.21204228191900887
97.52535247802734,-0.7,-0.7,-0.2731022251070975,-0.2482747500973613
97.68419861793518,-0.7,-0.7,-0.24717780524629443,-0.20731041730334374
97.8284764289856,-0.7,-0.7,-0.247473546124183,-0.20247835591978608
97.9822416305542,-0.7,-0.7,-0.2624491887528128,-0.22964304015871123
98.13065910339355,-0.7,-0.7,-0.2507602694036813,-0.23458218750666965
98.28262972831726,-0.7,-0.7,-0.29314847207261596,-0.26871943273323134
98.43157601356506,-0.7,-0.7,-0.26407104058753705,-0.2320624296072295
98.58145880699158,-0.7,-0.7,-0.292203411945134,-0.2606138538970114
98.75256562232971,-0.7,-0.7,-0.3043388197772676,-0.27230315453755527
98.8837833404541,-0.7,-0.7,-0.3049382925047709,-0.28086421678071005
99.03432583808899,-0.7,-0.7,-0.32314405537129504,-0.29000107533321356
99.1851692199707,-0.7,-0.7,-0.27345621288882865,-0.24932772351628493
99.33980774879456,-0.7,-0.7,-0.2984699911273202,-0.2500694520255926
99.49038410186768,-0.7,-0.7,-0.2876544200376817,-0.2556928178112727
99.63617587089539,-0.7,-0.7,-0.30071944293129743,-0.2763367853963274
99.79189610481262,-0.7,-0.7,-0.23086358071175528,-0.20852194386868222
99.942138671875,-0.7,-0.7,-0.22841680683247428,-0.1979612325881444
100.09110426902771,-0.7,-0.7,-0.23574673765041332,-0.21135914410037057
100.2400803565979,-0.7,-0.7,-0.23794640395403374,-0.20512621030520148
100.39727544784546,-0.7,-0.7,-0.2087475035671817,-0.18369780313911988
100.54351663589478,-0.7,-0.7,-0.20437206853037454,-0.18166406091588846
100.69480919837952,-0.7,-0.7,-0.2516888217045999,-0.23595827034806238
100.84893727302551,-0.7,-0.7,-0.25987630735448386,-0.21927063433034577
100.99708366394043,-0.7,-0.7,-0.2013165057354996,-0.1789480050982219
101.15368223190308,-0.7,-0.7,-0.25857647238204934,-0.22625441333429316
101.2992012500763,-0.735,-0.735,-0.2611579022854851,-0.23414156756629698
101.44595146179199,-0.735,-0.735,-0.2643896532072024,-0.2403542301883658
101.59840106964111,-0.735,-0.735,-0.2835679430079938,-0.2592621193215943
101.74743676185608,-0.735,-0.735,-0.28224198130361394,-0.25804981147758993
101.90408682823181,-0.735,-0.735,-0.2872706342467367,-0.24737193504580107
102.05348229408264,-0.735,-0.735,-0.26198038829627174,-0.23022518971490546
102.22237229347229,-0.735,-0.735,-0.2482506827682149,-0.21904472008960135
102.35099363327026,-0.735,-0.735,-0.28951427475997066,-0.25734602200886286
102.52960252761841,-0.735,-0.735,-0.2477487454184818,-0.23317528980562993
102.65161228179932,-0.735,-0.735,-0.29830733772689605,-0.24858944810574674
102.80249619483948,-0.735,-0.735,-0.26416091562747096,-0.23397109669861707
102.9557147026062,-0.735,-0.735,-0.2783374801759428,-0.2544799818751477
103.10708141326904,-0.735,-0.735,-0.2640033979373768,-0.23466968705544608
103.2589340209961,-0.735,-0.735,-0.3317133410014926,-0.29854200690134325
103.4107654094696,-0.735,-0.735,-0.2965608462970724,-0.2564850562569275
103.56187415122986,-0.735,-0.735,-0.2577885886460673,-0.24305781215200628
103.71240186691284,-0.735,-0.735,-0.3025144852215789,-0.27067085519825484
103.8605945110321,-0.735,-0.735,-0.317620748384528,-0.277918154836462
104.01021838188171,-0.735,-0.735,-0.34288871735461357,-0.30301793626686785
104.1632707118988,-0.735,-0.735,-0.29354768105234513,-0.2459453543952081
104.36046934127808,-0.735,-0.735,-0.2759378862843225,-0.25159042572982343
104.46364688873291,-0.735,-0.735,-0.30458179598517476,-0.2725205543025248
104.61664986610413,-0.735,-0.735,-0.2629934642257853,-0.23293706831426694
104.7678599357605,-0.735,-0.735,-0.2890018011669677,-0.25097524838184043
104.91784191131592,-0.735,-0.735,-0.25012728371369064,-0.22868780225251714
105.06635165214539,-0.735,-0.735,-0.2791983498293962,-0.24901474444243446
105.2172257900238,-0.735,-0.735,-0.295395723981859,-0.2554773829032294
105.37254166603088,-0.735,-0.735,-0.3101615623266479,-0.266883204792697
105.51895356178284,-0.735,-0.735,-0.31345213943480876,-0.2732659677123975
105.66889595985413,-0.735,-0.735,-0.2961049299878235,-0.2640935862053561
105.81993627548218,-0.735,-0.735,-0.2586266127042048,-0.23645861732955864
105.97574281692505,-0.735,-0.735,-0.31876699508705886,-0.285212574551579
106.12314963340759,-0.735,-0.735,-0.30054267998548245,-0.26099759051370847
106.27090501785278,-0.735,-0.735,-0.3118915786637573,-0.2719054788350705
106.43550372123718,-0.7,-0.7,-0.2655743780242769,-0.24897597939775956
106.58003282546997,-0.7,-0.7,-0.26467882480749255,-0.23259654301264496
106.74070739746094,-0.7,-0.7,-0.2726046491700545,-0.23956166139186608
106.87720251083374,-0.7,-0.7,-0.23305543398269937,-0.2029837650817059
107.02736210823059,-0.7,-0.7,-0.23772759129740456,-0.2060305791244173
107.18339109420776,-0.7,-0.7,-0.25194684595809486,-0.22756489312344053
107.32435464859009,-0.7,-0.7,-0.2857241574083142,-0.2605132023428747
107.48296618461609,-0.7,-0.7,-0.24080238629691308,-0.2158917946110255
107.62906694412231,-0.7,-0.7,-0.20871891543097865,-0.17393242952581553
107.77927112579346,-0.7,-0.7,-0.24875834046487594,-0.21666049008231134
107.93167686462402,-0.7,-0.7,-0.21687696453060326,-0.1869629004574166
108.08413219451904,-0.7,-0.7,-0.21690004598035134,-0.1944621101892805
108.23809576034546,-0.7,-0.7,-0.2862433078349893,-0.25256762456028464
108.38441681861877,-0.7,-0.7,-0.2739500239767243,-0.2417206093912273
108.53353834152222,-0.7,-0.7,-0.24266743618003322,-0.21233400665752905
108.68831419944763,-0.7,-0.7,-0.2910351812451135,-0.2506136282944033
108.84302163124084,-0.7,-0.7,-0.2742907076354753,-0.242021212619537
108.98737239837646,-0.7,-0.7,-0.24754760982905527,-0.2235913895230177
109.13936042785645,-0.7,-0.7,-0.26991310744263486,-0.24537555222057708
109.28935503959656,-0.7,-0.7,-0.25650327108702686,-0.22632641566502368
109.44069480895996,-0.7,-0.7,-0.299313163562961,-0.2577418908458831
109.59691405296326,-0.7,-0.7,-0.2532405755902983,-0.221585503641511
109.743093252182,-0.7,-0.7,-0.23024482869334997,-0.20146422510668122
109.89382648468018,-0.7,-0.7,-0.24403015751565127,-0.22877827267092304
110.04105806350708,-0.7,-0.7,-0.2389342631307429,-0.21721296648249352
110.19540309906006,-0.7,-0.7,-0.25223316821825387,-0.22930288019841255
110.35139012336731,-0.7,-0.7,-0.24446787296054157,-0.22154900987049078
110.49452090263367,-0.7,-0.7,-0.2935559516364947,-0.26182017308119804
110.64584493637085,-0.7,-0.7,-0.22678518069027967,-0.19843703310399471
111.09908366203308,-0.7,-0.7,-0.24563164618649666,-0.2302796682998406
111.2509777545929,-0.7,-0.7,-0.28630479925418245,-0.2535842507679901
111.40486121177673,-0.6649999999999999,-0.6649999999999999,-0.24198838391854055,-0.2053234772642162
111.55164933204651,-0.6649999999999999,-0.6649999999999999,-0.2083974074258528,-0.18755766668326754
111.70423603057861,-0.6649999999999999,-0.6649999999999999,-0.20258599876891378,-0.18088035604367303
111.85315489768982,-0.6649999999999999,-0.6649999999999999,-0.2126877577619917,-0.18905578467732592
112.00822067260742,-0.6649999999999999,-0.6649999999999999,-0.2492540407915763,-0.21709222907653422
112.15633177757263,-0.6649999999999999,-0.6649999999999999,-0.21260931902862898,-0.18982974913270442
112.30550384521484,-0.6649999999999999,-0.6649999999999999,-0.2409186268580185,-0.20768847142932628
112.45821619033813,-0.6649999999999999,-0.6649999999999999,-0.2111869803652818,-0.1810174117416701
112.90689182281494,-0.6649999999999999,-0.6649999999999999,-0.2898906720125388,-0.08391572084573491
113.05893516540527,-0.6649999999999999,-0.6649999999999999,0.0,0.0
113.21156740188599,-0.6649999999999999,-0.6649999999999999,-0.20327370585117882,-0.12798714812852
113.35883617401123,-0.6649999999999999,-0.6649999999999999,-0.07594352381810836,-0.09113222858173001
113.50868964195251,-0.6649999999999999,-0.6649999999999999,-0.21882722984015618,-0.1660068640166702
113.66286754608154,-0.6649999999999999,-0.6649999999999999,-0.23195678145312967,-0.19196423292672798
113.81231474876404,-0.6649999999999999,-0.6649999999999999,-0.19126776551865005,-0.15301421241492008
113.96129965782166,-0.6649999999999999,-0.6649999999999999,-0.20222796006926935,-0.1617823680554155
114.11302614212036,-0.6649999999999999,-0.6649999999999999,-0.2754703312261539,-0.21703723066303032
114.26613235473633,-0.6649999999999999,-0.6649999999999999,-0.20694661195051872,-0.1699918598164975
114.41609477996826,-0.6649999999999999,-0.6649999999999999,-0.2191187071676836,-0.16231015345754343
114.56551218032837,-0.6649999999999999,-0.6649999999999999,-0.19235058553379406,-0.15673010673123958
114.7166497707367,-0.6649999999999999,-0.6649999999999999,0.20155901467173018,-0.17737193291112255
114.86765718460083,-0.6649999999999999,-0.6649999999999999,-0.2242901284547106,-0.1842383198020837
115.02496838569641,-0.6649999999999999,-0.6649999999999999,-0.23102116015757282,-0.19118992564764647
115.16813778877258,-0.6649999999999999,-0.6649999999999999,-0.2047282024797542,-0.1811057175782441
115.32125425338745,-0.6649999999999999,-0.6649999999999999,-0.23796685258629557,-0.19830571048857967
115.47094583511353,-0.6649999999999999,-0.6649999999999999,-0.20066715065535745,-0.16350656720066162
115.62290525436401,-0.6649999999999999,-0.6649999999999999,-0.22941315568435172,-0.19776996179685494
115.77501559257507,-0.6649999999999999,-0.6649999999999999,-0.19403189314434782,-0.164180832660602
115.92432188987732,-0.6649999999999999,-0.6649999999999999,-0.2225801183236348,-0.1896052859793926
116.07210850715637,-0.6649999999999999,-0.6649999999999999,-0.21242761122027387,-0.16690740881592947
116.22545003890991,-0.6649999999999999,-0.6649999999999999,-0.24053475271525454,-0.20735754544418492
116.37342953681946,-0.6299999999999999,-0.6299999999999999,0.0,0.0
116.53258466720581,-0.6299999999999999,-0.6299999999999999,-0.20170886244650296,-0.16435536940085427
116.67319345474243,-0.6299999999999999,-0.6299999999999999,-0.20875322564649604,-0.17663734477780435
116.82446122169495,-0.6299999999999999,-0.6299999999999999,-0.1708628289601728,-0.14950497534015122
116.97847533226013,-0.6299999999999999,-0.6299999999999999,-0.2245546173635073,-0.18445557854859526
117.1238362789154,-0.6299999999999999,-0.6299999999999999,-0.19286053555525934,-0.16875296861085196
117.28274607658386,-0.6299999999999999,-0.6299999999999999,-0.23210868325293993,-0.1920899447610537
117.43865585327148,-0.6299999999999999,-0.6299999999999999,-0.22270779085401154,-0.18293854248722377
117.5897228717804,-0.6299999999999999,-0.6299999999999999,-0.22860026979759013,-0.1947335631609101
117.79170846939087,-0.6299999999999999,-0.6299999999999999,-0.2002818719947018,-0.16823677247554952
117.89924263954163,-0.6299999999999999,-0.6299999999999999,-0.19897804046495882,-0.16836603423958052
118.02962756156921,-0.6299999999999999,-0.6299999999999999,-0.19970514108939108,-0.1677523185150885
118.18726992607117,-0.6299999999999999,-0.6299999999999999,-0.24252931770426128,-0.20210776475355108
118.35680103302002,-0.6299999999999999,-0.6299999999999999,-0.2321331510720073,-0.1906808026662917
118.48616051673889,-0.6299999999999999,-0.6299999999999999,-0.2343540970979019,-0.19250515118756226
118.6702663898468,-0.6299999999999999,-0.6299999999999999,-0.1961180409800975,-0.16706351639045341
118.78809595108032,-0.6299999999999999,-0.6299999999999999,-0.1833213440687651,-0.1613227827805133
118.97635269165039,-0.6299999999999999,-0.6299999999999999,-0.21572446611837112,-0.1837652859526865
119.09159326553345,-0.6299999999999999,-0.6299999999999999,-0.22667948180016523,-0.20149287271125796
119.24819469451904,-0.6299999999999999,-0.6299999999999999,-0.19859956259908315,-0.16040733902233642
119.44639229774475,-0.6299999999999999,-0.6299999999999999,-0.22414677274814937,-0.1743363788041162
119.55349516868591,-0.6299999999999999,-0.6299999999999999,-0.20699313598750918,-0.16559450879000737
119.70340752601624,-0.6299999999999999,-0.6299999999999999,-0.189143055515598,-0.15624861107810273
119.84604096412659,-0.6299999999999999,-0.6299999999999999,-0.20064791793208364,-0.1672065982767364
120.04005455970764,-0.6299999999999999,-0.6299999999999999,-0.21543360505377898,-0.17400406562035997
120.1590507030487,-0.6299999999999999,-0.6299999999999999,-0.18216438616369404,-0.14421347237959112
120.30354571342468,-0.6299999999999999,-0.6299999999999999,-0.20404028961401943,-0.1632322316912156
120.44939923286438,-0.6299999999999999,-0.6299999999999999,-0.22512409343214854,-0.184923362462122
120.59870791435242,-0.6299999999999999,-0.6299999999999999,-0.19126038497346354,-0.15938365414455297
120.75805187225342,-0.6299999999999999,-0.6299999999999999,-0.19938218279145264,-0.16748103354482025
120.93716430664062,-0.6299999999999999,-0.6299999999999999,-0.22533248358959312,-0.1931421287910798
121.0466856956482,-0.6299999999999999,-0.6299999999999999,-0.21482079604373314,-0.1750391671467455
121.195547580719,-0.6299999999999999,-0.6299999999999999,-0.2322034466896692,-0.200175385077301
121.35456442832947,-0.5949999999999999,-0.5949999999999999,-0.20476354663597615,-0.16684437133301758
121.53345990180969,-0.5949999999999999,-0.5949999999999999,-0.17779418290690321,-0.14816181908908604
121.65315270423889,-0.5949999999999999,-0.5949999999999999,-0.19756123528931951,-0.1728660808781546
121.83679842948914,-0.5949999999999999,-0.5949999999999999,-0.16153099544347,-0.13845513895154568
121.96487140655518,-0.5949999999999999,-0.5949999999999999,-0.15193493190159504,-0.1291446921163558
122.10594630241394,-0.5949999999999999,-0.5949999999999999,-0.14843608565497868,-0.12016254553022084
122.27091670036316,-0.5949999999999999,-0.5949999999999999,-0.1523604069017344,-0.1363224693331308
122.40434288978577,-0.5949999999999999,-0.5949999999999999,-0.14432537906116027,-0.11546030324892821
122.56436276435852,-0.5949999999999999,-0.5949999999999999,-0.1774618581046696,-0.16132896191333604
122.70365977287292,-0.5949999999999999,-0.5949999999999999,-0.1586803830278073,-0.14281234472502655
122.85617637634277,-0.5949999999999999,-0.5949999999999999,-0.14993745568866965,-0.12494787974055804
123.00304079055786,-0.5949999999999999,-0.5949999999999999,-0.13709289372459535,-0.12096431799228999
123.16032147407532,-0.5949999999999999,-0.5949999999999999,-0.1679034058036156,-0.135921804698165
123.30423879623413,-0.5949999999999999,-0.5949999999999999,-0.14305595207478872,-0.11921329339565725
123.47295212745667,-0.5949999999999999,-0.5949999999999999,-0.16344895098683757,-0.13075916078947006
123.60762763023376,-0.5949999999999999,-0.5949999999999999,-0.14909214401323145,-0.1159605564547356
123.75586605072021,-0.5949999999999999,-0.5949999999999999,-0.17002805329338386,-0.1376417574279774
123.90636658668518,-0.5949999999999999,-0.5949999999999999,-0.1620621773470402,-0.13775285074498417
124.05606436729431,-0.5949999999999999,-0.5949999999999999,-0.16946024158224154,-0.14525163564192128
124.20865511894226,-0.5949999999999999,-0.5949999999999999,-0.16230702851848774,-0.13796097424071457
124.35784769058228,-0.5949999999999999,-0.5949999999999999,-0.16650999106650652,-0.13320799285320523
124.51166844367981,-0.5949999999999999,-0.5949999999999999,-0.15999598448608232,-0.13599658681316995
124.6757001876831,-0.5949999999999999,-0.5949999999999999,-0.19000089552237565,-0.15695726151848424
124.80535626411438,-0.5949999999999999,-0.5949999999999999,-0.1805110650685773,-0.14769087141974505
124.9650444984436,-0.5949999999999999,-0.5949999999999999,-0.16201703211654797,-0.14581532890489315
125.11159539222717,-0.5949999999999999,-0.5949999999999999,-0.14505949696168285,-0.09925123476325669
125.28114223480225,-0.5949999999999999,-0.5949999999999999,-0.1448565907953636,-0.120713825662803
125.4147310256958,-0.5949999999999999,-0.5949999999999999,-0.14587964495931,-0.11516814075734998
125.56290173530579,-0.5949999999999999,-0.5949999999999999,-0.15743534463476663,-0.132577132324014
125.71545171737671,-0.5949999999999999,-0.5949999999999999,-0.14653885853028498,-0.1302567631380311
125.86363482475281,-0.5949999999999999,-0.5949999999999999,-0.14246787624195126,-0.11872323020162605
126.01396989822388,-0.5949999999999999,-0.5949999999999999,-0.15081486563777607,-0.12567905469814672
126.16893815994263,-0.5949999999999999,-0.5949999999999999,-0.15933396555677995,-0.12746717244542394
126.32006597518921,-0.5949999999999999,-0.5949999999999999,-0.13538406076742712,-0.11282005063952262
126.47491669654846,-0.5599999999999998,-0.5599999999999998,-0.14262851073384206,-0.12678089843008186
126.62078189849854,-0.5599999999999998,-0.5599999999999998,-0.12741838851949336,-0.11242798987014117
126.81807231903076,-0.5599999999999998,-0.5599999999999998,-0.12718361995560334,-0.10333669121392772
126.96084356307983,-0.5599999999999998,-0.5599999999999998,-0.11669452400328097,-0.10210770850287085
127.07215571403503,-0.5599999999999998,-0.5599999999999998,-0.11304690389231989,-0.09797398337334391
127.22406601905823,-0.5599999999999998,-0.5599999999999998,-0.12486523975979275,-0.09989219180783421
127.37300372123718,-0.5599999999999998,-0.5599999999999998,-0.11360631739257268,-0.09845880840689633
127.52199339866638,-0.5599999999999998,-0.5599999999999998,-0.1236616700781527,-0.10717344740106567
127.68050503730774,-0.5599999999999998,-0.5599999999999998,-0.12938990284813637,-0.1051292960641108
127.82579040527344,-0.5599999999999998,-0.5599999999999998,-0.11622081667318833,-0.058110408336594165
127.97726893424988,-0.5599999999999998,-0.5599999999999998,-0.10372974694470327,-0.07979211303438714
128.12758088111877,-0.5599999999999998,-0.5599999999999998,-0.09165801810991157,-0.07638168175825966
128.27919697761536,-0.5599999999999998,-0.5599999999999998,-0.08976686993010465,-0.06732515244757847
128.42931032180786,-0.5599999999999998,-0.5599999999999998,-0.10967911159137589,-0.0783422225652685
128.59487009048462,-0.5599999999999998,-0.5599999999999998,-0.11066813005611452,-0.0869535307583757
128.72920942306519,-0.5599999999999998,-0.5599999999999998,-0.09982965391690299,-0.07679204147454077
128.87970781326294,-0.5599999999999998,-0.5599999999999998,-0.10143310734902462,-0.0869426634420211
129.03921699523926,-0.5599999999999998,-0.5599999999999998,-0.1290594622508206,-0.10486081307879172
129.18171525001526,-0.5599999999999998,-0.5599999999999998,-0.12743707770605592,-0.09557780827954192
129.35774111747742,-0.5599999999999998,-0.5599999999999998,-0.11220958101332702,-0.08976766481066163
129.4826455116272,-0.5599999999999998,-0.5599999999999998,-0.1307211597310212,-0.10621094228145471
129.63810086250305,-0.5599999999999998,-0.5599999999999998,-0.12577168309871453,-0.10218949251770555
129.7879137992859,-0.5599999999999998,-0.5599999999999998,-0.1327140520271066,-0.11612479552371827
129.93494391441345,-0.5599999999999998,-0.5599999999999998,-0.12627073296250696,-0.1025949705320369
130.0906856060028,-0.5599999999999998,-0.5599999999999998,-0.12411301741846253,-0.09929041393477003
130.23847460746765,-0.5599999999999998,-0.5599999999999998,-0.11388759586254293,-0.09111007669003435
130.39041209220886,-0.5599999999999998,-0.5599999999999998,-0.1363925061538564,-0.11232324036199938
130.53840589523315,-0.5599999999999998,-0.5599999999999998,-0.12722199669719958,-0.10336787231647465
130.68616390228271,-0.5599999999999998,-0.5599999999999998,-0.14466608344787632,-0.12055506953989695
130.84007740020752,-0.5599999999999998,-0.5599999999999998,-0.1209281094175052,-0.10581209574031705
130.98950576782227,-0.5599999999999998,-0.5599999999999998,-0.14755734838740675,-0.10656919605757155
131.14297723770142,-0.5599999999999998,-0.5599999999999998,-0.13651589137871112,-0.11242485172364446
131.29179120063782,-0.5599999999999998,-0.5599999999999998,-0.12811102710832037,-0.10409020952551028
131.44550037384033,-0.5249999999999998,-0.5249999999999998,-0.17306576468622645,-0.1297993235146698
131.59663891792297,-0.5249999999999998,-0.5249999999999998,-0.12088340222351342,-0.09670672177881075
131.75182437896729,-0.5249999999999998,-0.5249999999999998,-0.10557082960113587,-0.08294850897232103
131.92545175552368,-0.5249999999999998,-0.5249999999999998,-0.10014822759889014,-0.07511117069916759
132.05453872680664,-0.5249999999999998,-0.5249999999999998,-0.07985104219373672,-0.06388083375498936
132.19398641586304,-0.5249999999999998,-0.5249999999999998,-0.0756465087660643,-0.052952556136245006
132.3520905971527,-0.5249999999999998,-0.5249999999999998,-0.06506431388578227,-0.056931274650059475
132.49546766281128,-0.5249999999999998,-0.5249999999999998,-0.058780387322299794,-0.05143283890701232
132.64466094970703,-0.5249999999999998,-0.5249999999999998,-0.08221446238928766,-0.06577156991143013
132.80463790893555,-0.5249999999999998,-0.5249999999999998,-0.06878026667074079,-0.06113801481843627
132.9510259628296,-0.5249999999999998,-0.5249999999999998,-0.06787849165410685,-0.052794382397638666
133.1007034778595,-0.5249999999999998,-0.5249999999999998,-0.061028510644695264,-0.053399946814108354
133.25092244148254,-0.5249999999999998,-0.5249999999999998,-0.06413894463315906,-0.048104208474869285
133.40303874015808,-0.5249999999999998,-0.5249999999999998,-0.051022523685927676,-0.03644465977566263
133.5554223060608,-0.5249999999999998,-0.5249999999999998,-0.06445697970839531,-0.048342734781296484
133.70031189918518,-0.5249999999999998,-0.5249999999999998,-0.05673538975781803,-0.04052527839844145
133.8543736934662,-0.5249999999999998,-0.5249999999999998,-0.04347431920323939,-0.036228599336032834
134.00576090812683,-0.5249999999999998,-0.5249999999999998,-0.05556009127713626,-0.03968577948366876
134.15624165534973,-0.5249999999999998,-0.5249999999999998,-0.06615855594354046,-0.04961891695765534
134.3089723587036,-0.5249999999999998,-0.5249999999999998,-0.06503295701056554,-0.05690383738424484
134.46009850502014,-0.5249999999999998,-0.5249999999999998,-0.06631723570003902,-0.05802758123753414
134.60686922073364,-0.5249999999999998,-0.5249999999999998,-0.08074557409778922,-0.06459645927823138
134.7607946395874,-0.5249999999999998,-0.5249999999999998,-0.07352068012731862,-0.05718275121013671
134.91232705116272,-0.5249999999999998,-0.5249999999999998,-0.051083454447366054,-0.03648818174811861
135.05968189239502,-0.5249999999999998,-0.5249999999999998,-0.05260853705541872,-0.04509303176178747
135.2125425338745,-0.5249999999999998,-0.5249999999999998,-0.05279249516726962,-0.04525071014337395
135.36322236061096,-0.5249999999999998,-0.5249999999999998,-0.058694982553217236,-0.04402123691491292
135.51881647109985,-0.5249999999999998,-0.5249999999999998,-0.04431851401703307,-0.03693209501419423
135.665034532547,-0.5249999999999998,-0.5249999999999998,-0.03917875481769676,-0.031343003854157406
135.81079053878784,-0.5249999999999998,-0.5249999999999998,-0.03943377089174437,-0.02366026253504662
135.96580123901367,-0.5249999999999998,-0.5249999999999998,-0.03821264489054875,-0.022927586934329246
136.1192524433136,-0.5249999999999998,-0.5249999999999998,-0.03986173345800466,-0.031889386766403724
136.26698660850525,-0.5249999999999998,-0.5249999999999998,-0.027816567069261947,-0.02086242530194646
136.41882252693176,-0.4899999999999998,-0.4899999999999998,-0.03507928810974669,-0.026309466082310017
136.5667052268982,-0.4899999999999998,-0.4899999999999998,-0.007964591453367392,-0.007964591453367392
136.7172656059265,-0.4899999999999998,-0.4899999999999998,-0.007918077543791766,0.0
136.87223076820374,-0.4899999999999998,-0.4899999999999998,0.0,0.0
137.01922917366028,-0.4899999999999998,-0.4899999999999998,-0.008036545258403738,0.0
137.1729257106781,-0.4899999999999998,-0.4899999999999998,0.0,0.0
137.32149457931519,-0.4899999999999998,-0.4899999999999998,0.0,0.0
137.47473740577698,-0.4899999999999998,-0.4899999999999998,0.0,0.0
137.62442660331726,-0.4899999999999998,-0.4899999999999998,0.0,0.0
137.77368879318237,-0.4899999999999998,-0.4899999999999998,0.0,0.0
137.92638039588928,-0.4899999999999998,-0.4899999999999998,0.0,0.0
138.07440328598022,-0.4899999999999998,-0.4899999999999998,0.0,0.0
138.2253656387329,-0.4899999999999998,-0.4899999999999998,0.0,0.0
138.37721967697144,-0.4899999999999998,-0.4899999999999998,0.0,0.0
138.52516436576843,-0.4899999999999998,-0.4899999999999998,0.0,0.0
138.6805648803711,-0.4899999999999998,-0.4899999999999998,0.0,0.0
138.8268175125122,-0.4899999999999998,-0.4899999999999998,0.0,0.0
138.9796712398529,-0.4899999999999998,-0.4899999999999998,0.0,0.0
139.12981796264648,-0.4899999999999998,-0.4899999999999998,0.0,0.0
139.28248620033264,-0.4899999999999998,-0.4899999999999998,0.0,0.0
139.4321780204773,-0.4899999999999998,-0.4899999999999998,0.0,0.0
139.58583307266235,-0.4899999999999998,-0.4899999999999998,0.0,0.0
139.7313425540924,-0.4899999999999998,-0.4899999999999998,0.0,0.0
139.88444185256958,-0.4899999999999998,-0.4899999999999998,0.0,0.0
140.0364797115326,-0.4899999999999998,-0.4899999999999998,0.0,0.0
140.18818926811218,-0.4899999999999998,-0.4899999999999998,0.0,0.0
140.34543204307556,-0.4899999999999998,-0.4899999999999998,0.0,0.0
140.49159002304077,-0.4899999999999998,-0.4899999999999998,0.0,0.0
140.64072227478027,-0.4899999999999998,-0.4899999999999998,0.0,0.0
140.79031038284302,-0.4899999999999998,-0.4899999999999998,0.0,0.0
140.94089460372925,-0.4899999999999998,-0.4899999999999998,0.0,0.0
141.09025859832764,-0.4899999999999998,-0.4899999999999998,0.0,0.0
141.24580645561218,-0.4899999999999998,-0.4899999999999998,0.0,0.0
141.3941993713379,-0.45499999999999985,-0.45499999999999985,0.0,0.0
141.54377698898315,-0.45499999999999985,-0.45499999999999985,0.0,0.0
141.6959445476532,-0.45499999999999985,-0.45499999999999985,0.0,0.0
141.84606099128723,-0.45499999999999985,-0.45499999999999985,0.0,0.0
141.99821782112122,-0.45499999999999985,-0.45499999999999985,0.0,0.0
142.14890933036804,-0.45499999999999985,-0.45499999999999985,0.0,0.0
142.29794001579285,-0.45499999999999985,-0.45499999999999985,0.0,0.0
142.448148727417,-0.45499999999999985,-0.45499999999999985,0.0,0.0
142.60194611549377,-0.45499999999999985,-0.45499999999999985,0.0,0.0
142.74915885925293,-0.45499999999999985,-0.45499999999999985,0.0,0.0
142.90429973602295,-0.45499999999999985,-0.45499999999999985,0.0,0.0
143.05661630630493,-0.45499999999999985,-0.45499999999999985,0.0,0.0
143.20275902748108,-0.45499999999999985,-0.45499999999999985,0.0,0.0
143.3529510498047,-0.45499999999999985,-0.45499999999999985,0.0,0.0
143.50153636932373,-0.45499999999999985,-0.45499999999999985,0.0,0.0
143.65825581550598,-0.45499999999999985,-0.45499999999999985,0.0,0.0
143.80191779136658,-0.45499999999999985,-0.45499999999999985,0.0,0.0
143.9566080570221,-0.45499999999999985,-0.45499999999999985,0.0,0.0
144.10435914993286,-0.45499999999999985,-0.45499999999999985,0.0,0.0
144.2583167552948,-0.45499999999999985,-0.45499999999999985,0.0,0.0
144.40220975875854,-0.45499999999999985,-0.45499999999999985,0.0,0.0
144.55695009231567,-0.45499999999999985,-0.45499999999999985,0.0,0.0
144.70668387413025,-0.45499999999999985,-0.45499999999999985,0.0,0.0
144.85941362380981,-0.45499999999999985,-0.45499999999999985,0.0,0.0
145.0097005367279,-0.45499999999999985,-0.45499999999999985,0.0,0.0
145.16188216209412,-0.45499999999999985,-0.45499999999999985,0.0,0.0
145.30878281593323,-0.45499999999999985,-0.45499999999999985,0.0,0.0
145.46396946907043,-0.45499999999999985,-0.45499999999999985,0.0,0.0
145.61026120185852,-0.45499999999999985,-0.45499999999999985,0.0,0.0
145.76634883880615,-0.45499999999999985,-0.45499999999999985,0.0,0.0
145.91580510139465,-0.45499999999999985,-0.45499999999999985,0.0,0.0
146.06648111343384,-0.45499999999999985,-0.45499999999999985,0.0,0.0
146.21698999404907,-0.45499999999999985,-0.45499999999999985,0.0,0.0
146.36698508262634,-0.45499999999999985,-0.45499999999999985,0.0,0.0
146.51724290847778,-0.4199999999999999,-0.4199999999999999,0.0,0.0
146.668692111969,-0.4199999999999999,-0.4199999999999999,0.0,0.0
146.8195023536682,-0.4199999999999999,-0.4199999999999999,0.0,0.0
146.96761631965637,-0.4199999999999999,-0.4199999999999999,0.0,0.0
147.12022423744202,-0.4199999999999999,-0.4199999999999999,0.0,0.0
147.27164316177368,-0.4199999999999999,-0.4199999999999999,0.0,0.0
147.42033314704895,-0.4199999999999999,-0.4199999999999999,0.0,0.0
147.5712435245514,-0.4199999999999999,-0.4199999999999999,0.0,0.0
147.7237114906311,-0.4199999999999999,-0.4199999999999999,0.0,0.0
147.8745346069336,-0.4199999999999999,-0.4199999999999999,0.0,0.0
148.02697372436523,-0.4199999999999999,-0.4199999999999999,0.0,0.0
148.17570161819458,-0.4199999999999999,-0.4199999999999999,0.0,0.0
148.32741928100586,-0.4199999999999999,-0.4199999999999999,0.0,0.0
148.48110604286194,-0.4199999999999999,-0.4199999999999999,0.0,0.0
148.62527012825012,-0.4199999999999999,-0.4199999999999999,0.0,0.0
148.77717876434326,-0.4199999999999999,-0.4199999999999999,0.0,0.0
148.93513226509094,-0.4199999999999999,-0.4199999999999999,0.0,0.0
149.07986307144165,-0.4199999999999999,-0.4199999999999999,0.0,0.0
149.2322769165039,-0.4199999999999999,-0.4199999999999999,0.0,0.0
149.37934279441833,-0.4199999999999999,-0.4199999999999999,0.0,0.0
149.52811002731323,-0.4199999999999999,-0.4199999999999999,0.0,0.0
149.6787919998169,-0.4199999999999999,-0.4199999999999999,0.0,0.0
149.83152675628662,-0.4199999999999999,-0.4199999999999999,0.0,0.0
149.9826259613037,-0.4199999999999999,-0.4199999999999999,0.0,0.0
150.13091945648193,-0.4199999999999999,-0.4199999999999999,0.0,0.0
150.2818739414215,-0.4199999999999999,-0.4199999999999999,0.0,0.0
150.43386673927307,-0.4199999999999999,-0.4199999999999999,0.0,0.0
150.59131789207458,-0.4199999999999999,-0.4199999999999999,0.0,0.0
150.73810529708862,-0.4199999999999999,-0.4199999999999999,0.0,0.0
150.88581132888794,-0.4199999999999999,-0.4199999999999999,0.0,0.0
151.0385720729828,-0.4199999999999999,-0.4199999999999999,0.0,0.0
151.1878364086151,-0.4199999999999999,-0.4199999999999999,0.0,0.0
151.35684847831726,-0.4199999999999999,-0.4199999999999999,0.0,0.0
151.48618078231812,-0.3849999999999999,-0.3849999999999999,0.0,0.0
151.63957166671753,-0.3849999999999999,-0.3849999999999999,0.0,0.0
151.79187154769897,-0.3849999999999999,-0.3849999999999999,0.0,0.0
151.9384491443634,-0.3849999999999999,-0.3849999999999999,0.0,0.0
152.0920479297638,-0.3849999999999999,-0.3849999999999999,0.0,0.0
152.24155354499817,-0.3849999999999999,-0.3849999999999999,0.0,0.0
152.3947355747223,-0.3849999999999999,-0.3849999999999999,0.0,0.0
152.54512524604797,-0.3849999999999999,-0.3849999999999999,0.0,0.0
152.6949758529663,-0.3849999999999999,-0.3849999999999999,0.0,0.0
152.8483431339264,-0.3849999999999999,-0.3849999999999999,0.0,0.0
153.01323103904724,-0.3849999999999999,-0.3849999999999999,0.0,0.0
153.14831137657166,-0.3849999999999999,-0.3849999999999999,0.0,0.0
153.29760456085205,-0.3849999999999999,-0.3849999999999999,0.0,0.0
153.44966173171997,-0.3849999999999999,-0.3849999999999999,0.0,0.0
153.6129276752472,-0.3849999999999999,-0.3849999999999999,0.0,0.0
153.74867963790894,-0.3849999999999999,-0.3849999999999999,0.0,0.0
153.90432739257812,-0.3849999999999999,-0.3849999999999999,0.0,0.0
154.04822969436646,-0.3849999999999999,-0.3849999999999999,0.0,0.0
154.20671153068542,-0.3849999999999999,-0.3849999999999999,0.0,0.0
154.35744547843933,-0.3849999999999999,-0.3849999999999999,0.0,0.0
154.5094518661499,-0.3849999999999999,-0.3849999999999999,0.0,0.0
154.65197896957397,-0.3849999999999999,-0.3849999999999999,0.0,0.0
154.80699276924133,-0.3849999999999999,-0.3849999999999999,0.0,0.0
154.95770454406738,-0.3849999999999999,-0.3849999999999999,0.0,0.0
155.10425925254822,-0.3849999999999999,-0.3849999999999999,0.0,0.0
155.25690054893494,-0.3849999999999999,-0.3849999999999999,0.0,0.0
155.41227746009827,-0.3849999999999999,-0.3849999999999999,0.0,0.0
155.5613775253296,-0.3849999999999999,-0.3849999999999999,0.0,0.0
155.70884585380554,-0.3849999999999999,-0.3849999999999999,0.0,0.0
156.07333087921143,-0.3849999999999999,-0.3849999999999999,0.0,0.0
156.11907649040222,-0.3849999999999999,-0.3849999999999999,0.0,0.0
156.1665198802948,-0.3849999999999999,-0.3849999999999999,0.0,0.0
156.31018733978271,-0.3849999999999999,-0.3849999999999999,0.0,0.0
156.47715997695923,-0.3499999999999999,-0.3499999999999999,0.0,0.0
156.613942861557,-0.3499999999999999,-0.3499999999999999,0.0,0.0
156.76517939567566,-0.3499999999999999,-0.3499999999999999,0.0,0.0
156.9357624053955,-0.3499999999999999,-0.3499999999999999,0.0,0.0
157.07092761993408,-0.3499999999999999,-0.3499999999999999,0.0,0.0
157.21393632888794,-0.3499999999999999,-0.3499999999999999,0.0,0.0
157.36853623390198,-0.3499999999999999,-0.3499999999999999,0.0,0.0
157.51900506019592,-0.3499999999999999,-0.3499999999999999,0.0,0.0
157.66935634613037,-0.3499999999999999,-0.3499999999999999,0.0,0.0
157.8216643333435,-0.3499999999999999,-0.3499999999999999,0.0,0.0
157.96943736076355,-0.3499999999999999,-0.3499999999999999,0.0,0.0
158.1192352771759,-0.3499999999999999,-0.3499999999999999,0.0,0.0
158.2752764225006,-0.3499999999999999,-0.3499999999999999,0.0,0.0
158.42453026771545,-0.3499999999999999,-0.3499999999999999,0.0,0.0
158.57456016540527,-0.3499999999999999,-0.3499999999999999,0.0,0.0
158.72861576080322,-0.3499999999999999,-0.3499999999999999,0.0,0.0
158.8774437904358,-0.3499999999999999,-0.3499999999999999,0.0,0.0
159.02585434913635,-0.3499999999999999,-0.3499999999999999,0.0,0.0
159.1805956363678,-0.3499999999999999,-0.3499999999999999,0.0,0.0
159.32978200912476,-0.3499999999999999,-0.3499999999999999,0.0,0.0
159.48266744613647,-0.3499999999999999,-0.3499999999999999,0.0,0.0
159.63048124313354,-0.3499999999999999,-0.3499999999999999,0.0,0.0
159.7827968597412,-0.3499999999999999,-0.3499999999999999,0.0,0.0
160.0159842967987,-0.3499999999999999,-0.3499999999999999,0.0,0.0
160.0816113948822,-0.3499999999999999,-0.3499999999999999,0.0,0.0
160.23532104492188,-0.3499999999999999,-0.3499999999999999,0.0,0.0
160.38408660888672,-0.3499999999999999,-0.3499999999999999,0.0,0.0
160.53536415100098,-0.3499999999999999,-0.3499999999999999,0.0,0.0
160.68355131149292,-0.3499999999999999,-0.3499999999999999,0.0,0.0
160.8371376991272,-0.3499999999999999,-0.3499999999999999,0.0,0.0
160.98972821235657,-0.3499999999999999,-0.3499999999999999,0.0,0.0
161.2869427204132,-0.3499999999999999,-0.3499999999999999,0.0,0.0
161.3886969089508,-0.3499999999999999,-0.3499999999999999,0.0,0.0
161.45635986328125,-0.31499999999999995,-0.31499999999999995,0.0,0.0
161.5930004119873,-0.31499999999999995,-0.31499999999999995,0.0,0.0
161.73982191085815,-0.31499999999999995,-0.31499999999999995,0.0,0.0
161.8897044658661,-0.31499999999999995,-0.31499999999999995,0.0,0.0
162.04390811920166,-0.31499999999999995,-0.31499999999999995,0.0,0.0
162.19481873512268,-0.31499999999999995,-0.31499999999999995,0.0,0.0
162.3427700996399,-0.31499999999999995,-0.31499999999999995,0.0,0.0
162.49557256698608,-0.31499999999999995,-0.31499999999999995,0.0,0.0
162.6418697834015,-0.31499999999999995,-0.31499999999999995,0.0,0.0
162.8006191253662,-0.31499999999999995,-0.31499999999999995,0.0,0.0
162.94633650779724,-0.31499999999999995,-0.31499999999999995,0.0,0.0
163.15027403831482,-0.31499999999999995,-0.31499999999999995,0.0,0.0
163.24558401107788,-0.31499999999999995,-0.31499999999999995,0.0,0.0
163.40365982055664,-0.31499999999999995,-0.31499999999999995,0.0,0.0
163.54667496681213,-0.31499999999999995,-0.31499999999999995,0.0,0.0
163.7018232345581,-0.31499999999999995,-0.31499999999999995,0.0,0.0
163.85017085075378,-0.31499999999999995,-0.31499999999999995,0.0,0.0
163.99880003929138,-0.31499999999999995,-0.31499999999999995,0.0,0.0
164.1584758758545,-0.31499999999999995,-0.31499999999999995,0.0,0.0
164.30572605133057,-0.31499999999999995,-0.31499999999999995,0.0,0.0
164.45058059692383,-0.31499999999999995,-0.31499999999999995,0.0,0.0
164.60331439971924,-0.31499999999999995,-0.31499999999999995,0.0,0.0
164.75636744499207,-0.31499999999999995,-0.31499999999999995,0.0,0.0
164.90364527702332,-0.31499999999999995,-0.31499999999999995,0.0,0.0
165.0900514125824,-0.31499999999999995,-0.31499999999999995,0.0,0.0
165.20995211601257,-0.31499999999999995,-0.31499999999999995,0.0,0.0
165.35938954353333,-0.31499999999999995,-0.31499999999999995,0.0,0.0
165.51014018058777,-0.31499999999999995,-0.31499999999999995,0.0,0.0
165.65859150886536,-0.31499999999999995,-0.31499999999999995,0.0,0.0
165.81425547599792,-0.31499999999999995,-0.31499999999999995,0.0,0.0
165.96091294288635,-0.31499999999999995,-0.31499999999999995,0.0,0.0
166.11151146888733,-0.31499999999999995,-0.31499999999999995,0.0,0.0
166.26028966903687,-0.31499999999999995,-0.31499999999999995,0.0,0.0
166.41059708595276,-0.27999999999999997,-0.27999999999999997,0.0,0.0
166.56517124176025,-0.27999999999999997,-0.27999999999999997,0.0,0.0
166.7139060497284,-0.27999999999999997,-0.27999999999999997,0.0,0.0
166.86743783950806,-0.27999999999999997,-0.27999999999999997,0.0,0.0
167.01505732536316,-0.27999999999999997,-0.27999999999999997,0.0,0.0
167.1630392074585,-0.27999999999999997,-0.27999999999999997,0.0,0.0
167.31572246551514,-0.27999999999999997,-0.27999999999999997,0.0,0.0
167.46611738204956,-0.27999999999999997,-0.27999999999999997,0.0,0.0
167.61482524871826,-0.27999999999999997,-0.27999999999999997,0.0,0.0
167.7689471244812,-0.27999999999999997,-0.27999999999999997,0.0,0.0
167.92084193229675,-0.27999999999999997,-0.27999999999999997,0.0,0.0
168.07361555099487,-0.27999999999999997,-0.27999999999999997,0.0,0.0
168.22151494026184,-0.27999999999999997,-0.27999999999999997,0.0,0.0
168.36911702156067,-0.27999999999999997,-0.27999999999999997,0.0,0.0
168.52334022521973,-0.27999999999999997,-0.27999999999999997,0.0,0.0
168.67494702339172,-0.27999999999999997,-0.27999999999999997,0.0,0.0
168.82407402992249,-0.27999999999999997,-0.27999999999999997,0.0,0.0
168.97420835494995,-0.27999999999999997,-0.27999999999999997,0.0,0.0
169.1288480758667,-0.27999999999999997,-0.27999999999999997,0.0,0.0
169.27999591827393,-0.27999999999999997,-0.27999999999999997,0.0,0.0
169.42820835113525,-0.27999999999999997,-0.27999999999999997,0.0,0.0
169.57333540916443,-0.27999999999999997,-0.27999999999999997,0.0,0.0
169.72978496551514,-0.27999999999999997,-0.27999999999999997,0.0,0.0
169.88198351860046,-0.27999999999999997,-0.27999999999999997,0.0,0.0
170.03694796562195,-0.27999999999999997,-0.27999999999999997,0.0,0.0
170.18579936027527,-0.27999999999999997,-0.27999999999999997,0.0,0.0
170.33150696754456,-0.27999999999999997,-0.27999999999999997,0.0,0.0
170.47477316856384,-0.27999999999999997,-0.27999999999999997,0.0,0.0
170.64419746398926,-0.27999999999999997,-0.27999999999999997,0.0,0.0
170.78292274475098,-0.27999999999999997,-0.27999999999999997,0.0,0.0
170.94538187980652,-0.27999999999999997,-0.27999999999999997,0.0,0.0
171.0855598449707,-0.27999999999999997,-0.27999999999999997,0.0,0.0
171.23535466194153,-0.27999999999999997,-0.27999999999999997,0.0,0.0
171.38452243804932,-0.27999999999999997,-0.27999999999999997,0.0,0.0
171.53366613388062,-0.24499999999999997,-0.24499999999999997,0.0,0.0
171.68657779693604,-0.24499999999999997,-0.24499999999999997,0.0,0.0
171.83608841896057,-0.24499999999999997,-0.24499999999999997,0.0,0.0
171.98918652534485,-0.24499999999999997,-0.24499999999999997,0.0,0.0
172.14242696762085,-0.24499999999999997,-0.24499999999999997,0.0,0.0
172.28655457496643,-0.24499999999999997,-0.24499999999999997,0.0,0.0
172.44449520111084,-0.24499999999999997,-0.24499999999999997,0.0,0.0
172.59645700454712,-0.24499999999999997,-0.24499999999999997,0.0,0.0
172.7546112537384,-0.24499999999999997,-0.24499999999999997,0.0,0.0
172.89095377922058,-0.24499999999999997,-0.24499999999999997,0.0,0.0
173.04452919960022,-0.24499999999999997,-0.24499999999999997,0.0,0.0
173.19839882850647,-0.24499999999999997,-0.24499999999999997,0.0,0.0
173.34474539756775,-0.24499999999999997,-0.24499999999999997,0.0,0.0
173.5011327266693,-0.24499999999999997,-0.24499999999999997,0.0,0.0
173.64626932144165,-0.24499999999999997,-0.24499999999999997,0.0,0.0
173.79747080802917,-0.24499999999999997,-0.24499999999999997,0.0,0.0
173.95063257217407,-0.24499999999999997,-0.24499999999999997,0.0,0.0
174.10193252563477,-0.24499999999999997,-0.24499999999999997,0.0,0.0
174.24770188331604,-0.24499999999999997,-0.24499999999999997,0.0,0.0
174.40336227416992,-0.24499999999999997,-0.24499999999999997,0.0,0.0
174.554128408432,-0.24499999999999997,-0.24499999999999997,0.0,0.0
174.70513558387756,-0.24499999999999997,-0.24499999999999997,0.0,0.0
174.85564923286438,-0.24499999999999997,-0.24499999999999997,0.0,0.0
175.00679922103882,-0.24499999999999997,-0.24499999999999997,0.0,0.0
175.18645119667053,-0.24499999999999997,-0.24499999999999997,0.0,0.0
175.30560493469238,-0.24499999999999997,-0.24499999999999997,0.0,0.0
175.45710039138794,-0.24499999999999997,-0.24499999999999997,0.0,0.0
175.60487389564514,-0.24499999999999997,-0.24499999999999997,0.0,0.0
175.75939464569092,-0.24499999999999997,-0.24499999999999997,0.0,0.0
175.91216397285461,-0.24499999999999997,-0.24499999999999997,0.0,0.0
176.06147861480713,-0.24499999999999997,-0.24499999999999997,0.0,0.0
176.21091604232788,-0.24499999999999997,-0.24499999999999997,0.0,0.0
176.35878491401672,-0.24499999999999997,-0.24499999999999997,0.0,0.0
176.51524424552917,-0.20999999999999996,-0.20999999999999996,0.0,0.0
176.66330790519714,-0.20999999999999996,-0.20999999999999996,0.0,0.0
176.81337141990662,-0.20999999999999996,-0.20999999999999996,0.0,0.0
176.9617419242859,-0.20999999999999996,-0.20999999999999996,0.0,0.0
177.11702036857605,-0.20999999999999996,-0.20999999999999996,0.0,0.0
177.26774406433105,-0.20999999999999996,-0.20999999999999996,0.0,0.0
177.41686582565308,-0.20999999999999996,-0.20999999999999996,0.0,0.0
177.58240294456482,-0.20999999999999996,-0.20999999999999996,0.0,0.0
177.71991181373596,-0.20999999999999996,-0.20999999999999996,0.0,0.0
177.8684651851654,-0.20999999999999996,-0.20999999999999996,0.0,0.0
178.0199534893036,-0.20999999999999996,-0.20999999999999996,0.0,0.0
178.16696286201477,-0.20999999999999996,-0.20999999999999996,0.0,0.0
178.32025957107544,-0.20999999999999996,-0.20999999999999996,0.0,0.0
178.47671270370483,-0.20999999999999996,-0.20999999999999996,0.0,0.0
178.62581992149353,-0.20999999999999996,-0.20999999999999996,0.0,0.0
178.77563667297363,-0.20999999999999996,-0.20999999999999996,0.0,0.0
178.933363199234,-0.20999999999999996,-0.20999999999999996,0.0,0.0
179.08198165893555,-0.20999999999999996,-0.20999999999999996,0.0,0.0
179.22742438316345,-0.20999999999999996,-0.20999999999999996,0.0,0.0
179.38801908493042,-0.20999999999999996,-0.20999999999999996,0.0,0.0
179.52643752098083,-0.20999999999999996,-0.20999999999999996,0.0,0.0
179.69766449928284,-0.20999999999999996,-0.20999999999999996,0.0,0.0
179.8342113494873,-0.20999999999999996,-0.20999999999999996,0.0,0.0
179.97817063331604,-0.20999999999999996,-0.20999999999999996,0.0,0.0
180.13447546958923,-0.20999999999999996,-0.20999999999999996,0.0,0.0
180.2785291671753,-0.20999999999999996,-0.20999999999999996,0.0,0.0
180.43209171295166,-0.20999999999999996,-0.20999999999999996,0.0,0.0
180.58589673042297,-0.20999999999999996,-0.20999999999999996,0.0,0.0
180.73585033416748,-0.20999999999999996,-0.20999999999999996,0.0,0.0
180.8858995437622,-0.20999999999999996,-0.20999999999999996,0.0,0.0
181.0398280620575,-0.20999999999999996,-0.20999999999999996,0.0,0.0
181.18849921226501,-0.20999999999999996,-0.20999999999999996,0.0,0.0
181.33715915679932,-0.20999999999999996,-0.20999999999999996,0.0,0.0
181.48876690864563,-0.17499999999999996,-0.17499999999999996,0.0,0.0
181.63554286956787,-0.17499999999999996,-0.17499999999999996,0.0,0.0
181.79288339614868,-0.17499999999999996,-0.17499999999999996,0.0,0.0
181.9430890083313,-0.17499999999999996,-0.17499999999999996,0.0,0.0
182.0899612903595,-0.17499999999999996,-0.17499999999999996,0.0,0.0
182.24309039115906,-0.17499999999999996,-0.17499999999999996,0.0,0.0
182.3910994529724,-0.17499999999999996,-0.17499999999999996,0.0,0.0
182.54280948638916,-0.17499999999999996,-0.17499999999999996,0.0,0.0
182.69490766525269,-0.17499999999999996,-0.17499999999999996,0.0,0.0
182.84244990348816,-0.17499999999999996,-0.17499999999999996,0.0,0.0
182.99909019470215,-0.17499999999999996,-0.17499999999999996,0.0,0.0
183.14810252189636,-0.17499999999999996,-0.17499999999999996,0.0,0.0
183.29745650291443,-0.17499999999999996,-0.17499999999999996,0.0,0.0
183.44799613952637,-0.17499999999999996,-0.17499999999999996,0.0,0.0
183.59896636009216,-0.17499999999999996,-0.17499999999999996,0.0,0.0
183.74654150009155,-0.17499999999999996,-0.17499999999999996,0.0,0.0
183.89583539962769,-0.17499999999999996,-0.17499999999999996,0.0,0.0
184.05012559890747,-0.17499999999999996,-0.17499999999999996,0.0,0.0
184.2017228603363,-0.17499999999999996,-0.17499999999999996,0.0,0.0
184.3529577255249,-0.17499999999999996,-0.17499999999999996,0.0,0.0
184.50758457183838,-0.17499999999999996,-0.17499999999999996,0.0,0.0
184.65303659439087,-0.17499999999999996,-0.17499999999999996,0.0,0.0
184.8053765296936,-0.17499999999999996,-0.17499999999999996,0.0,0.0
184.95594310760498,-0.17499999999999996,-0.17499999999999996,0.0,0.0
185.1058588027954,-0.17499999999999996,-0.17499999999999996,0.0,0.0
185.25860619544983,-0.17499999999999996,-0.17499999999999996,0.0,0.0
185.40612936019897,-0.17499999999999996,-0.17499999999999996,0.0,0.0
185.55634999275208,-0.17499999999999996,-0.17499999999999996,0.0,0.0
185.71731400489807,-0.17499999999999996,-0.17499999999999996,0.0,0.0
185.85805320739746,-0.17499999999999996,-0.17499999999999996,0.0,0.0
186.0179934501648,-0.17499999999999996,-0.17499999999999996,0.0,0.0
186.16436100006104,-0.17499999999999996,-0.17499999999999996,0.0,0.0
186.32220363616943,-0.17499999999999996,-0.17499999999999996,0.0,0.0
186.46148324012756,-0.13999999999999996,-0.13999999999999996,0.0,0.0
186.6180191040039,-0.13999999999999996,-0.13999999999999996,0.0,0.0
186.76251673698425,-0.13999999999999996,-0.13999999999999996,0.0,0.0
186.915833234787,-0.13999999999999996,-0.13999999999999996,0.0,0.0
187.0670177936554,-0.13999999999999996,-0.13999999999999996,0.0,0.0
187.21774339675903,-0.13999999999999996,-0.13999999999999996,0.0,0.0
187.36748051643372,-0.13999999999999996,-0.13999999999999996,0.0,0.0
187.52187728881836,-0.13999999999999996,-0.13999999999999996,0.0,0.0
187.67190599441528,-0.13999999999999996,-0.13999999999999996,0.0,0.0
187.8196988105774,-0.13999999999999996,-0.13999999999999996,0.0,0.0
187.9685459136963,-0.13999999999999996,-0.13999999999999996,0.0,0.0
188.11800408363342,-0.13999999999999996,-0.13999999999999996,0.0,0.0
188.27107405662537,-0.13999999999999996,-0.13999999999999996,0.0,0.0
188.4201946258545,-0.13999999999999996,-0.13999999999999996,0.0,0.0
188.57137179374695,-0.13999999999999996,-0.13999999999999996,0.0,0.0
188.72180461883545,-0.13999999999999996,-0.13999999999999996,0.0,0.0
188.87194681167603,-0.13999999999999996,-0.13999999999999996,0.0,0.0
189.02651619911194,-0.13999999999999996,-0.13999999999999996,0.0,0.0
189.17533135414124,-0.13999999999999996,-0.13999999999999996,0.0,0.0
189.3282506465912,-0.13999999999999996,-0.13999999999999996,0.0,0.0
189.4759030342102,-0.13999999999999996,-0.13999999999999996,0.0,0.0
189.62802004814148,-0.13999999999999996,-0.13999999999999996,0.0,0.0
189.77561569213867,-0.13999999999999996,-0.13999999999999996,0.0,0.0
189.9327790737152,-0.13999999999999996,-0.13999999999999996,0.0,0.0
190.07596111297607,-0.13999999999999996,-0.13999999999999996,0.0,0.0
190.22929549217224,-0.13999999999999996,-0.13999999999999996,0.0,0.0
190.38227009773254,-0.13999999999999996,-0.13999999999999996,0.0,0.0
190.53369665145874,-0.13999999999999996,-0.13999999999999996,0.0,0.0
190.68384265899658,-0.13999999999999996,-0.13999999999999996,0.0,0.0
190.83662128448486,-0.13999999999999996,-0.13999999999999996,0.0,0.0
190.98476028442383,-0.13999999999999996,-0.13999999999999996,0.0,0.0
191.13533639907837,-0.13999999999999996,-0.13999999999999996,0.0,0.0
191.28352522850037,-0.13999999999999996,-0.13999999999999996,0.0,0.0
191.4380624294281,-0.10499999999999995,-0.10499999999999995,0.0,0.0
191.58812832832336,-0.10499999999999995,-0.10499999999999995,0.0,0.0
191.741468667984,-0.10499999999999995,-0.10499999999999995,0.0,0.0
191.88891196250916,-0.10499999999999995,-0.10499999999999995,0.0,0.0
192.04233288764954,-0.10499999999999995,-0.10499999999999995,0.0,0.0
192.18899750709534,-0.10499999999999995,-0.10499999999999995,0.0,0.0
192.340571641922,-0.10499999999999995,-0.10499999999999995,0.0,0.0
192.4889760017395,-0.10499999999999995,-0.10499999999999995,0.0,0.0
192.64056158065796,-0.10499999999999995,-0.10499999999999995,0.0,0.0
192.7908318042755,-0.10499999999999995,-0.10499999999999995,0.0,0.0
192.94368982315063,-0.10499999999999995,-0.10499999999999995,0.0,0.0
193.09699130058289,-0.10499999999999995,-0.10499999999999995,0.0,0.0
193.24657106399536,-0.10499999999999995,-0.10499999999999995,0.0,0.0
193.39425325393677,-0.10499999999999995,-0.10499999999999995,0.0,0.0
193.54448223114014,-0.10499999999999995,-0.10499999999999995,0.0,0.0
193.69743824005127,-0.10499999999999995,-0.10499999999999995,0.0,0.0
193.8489921092987,-0.10499999999999995,-0.10499999999999995,0.0,0.0
193.9991271495819,-0.10499999999999995,-0.10499999999999995,0.0,0.0
194.15026545524597,-0.10499999999999995,-0.10499999999999995,0.0,0.0
194.29953360557556,-0.10499999999999995,-0.10499999999999995,0.0,0.0
194.4583261013031,-0.10499999999999995,-0.10499999999999995,0.0,0.0
194.60043668746948,-0.10499999999999995,-0.10499999999999995,0.0,0.0
194.7542917728424,-0.10499999999999995,-0.10499999999999995,0.0,0.0
194.9062135219574,-0.10499999999999995,-0.10499999999999995,0.0,0.0
195.05513644218445,-0.10499999999999995,-0.10499999999999995,0.0,0.0
195.23613381385803,-0.10499999999999995,-0.10499999999999995,0.0,0.0
195.43379473686218,-0.10499999999999995,-0.10499999999999995,0.0,0.0
195.5216896533966,-0.10499999999999995,-0.10499999999999995,0.0,0.0
195.65728616714478,-0.10499999999999995,-0.10499999999999995,0.0,0.0
195.81063604354858,-0.10499999999999995,-0.10499999999999995,0.0,0.0
195.95865654945374,-0.10499999999999995,-0.10499999999999995,0.0,0.0
196.10599565505981,-0.10499999999999995,-0.10499999999999995,0.0,0.0
196.25875186920166,-0.10499999999999995,-0.10499999999999995,0.0,0.0
196.41523361206055,-0.10499999999999995,-0.10499999999999995,0.0,0.0
196.56208324432373,-0.06999999999999995,-0.06999999999999995,0.0,0.0
196.70917797088623,-0.06999999999999995,-0.06999999999999995,0.0,0.0
196.8636872768402,-0.06999999999999995,-0.06999999999999995,0.0,0.0
197.00994277000427,-0.06999999999999995,-0.06999999999999995,0.0,0.0
197.1662564277649,-0.06999999999999995,-0.06999999999999995,0.0,0.0
197.31130123138428,-0.06999999999999995,-0.06999999999999995,0.0,0.0
197.48180842399597,-0.06999999999999995,-0.06999999999999995,0.0,0.0
197.61514592170715,-0.06999999999999995,-0.06999999999999995,0.0,0.0
197.7681646347046,-0.06999999999999995,-0.06999999999999995,0.0,0.0
197.9177544116974,-0.06999999999999995,-0.06999999999999995,0.0,0.0
198.07026505470276,-0.06999999999999995,-0.06999999999999995,0.0,0.0
198.22043013572693,-0.06999999999999995,-0.06999999999999995,0.0,0.0
198.37113785743713,-0.06999999999999995,-0.06999999999999995,0.0,0.0
198.52909803390503,-0.06999999999999995,-0.06999999999999995,0.0,0.0
198.67383790016174,-0.06999999999999995,-0.06999999999999995,0.0,0.0
198.82188320159912,-0.06999999999999995,-0.06999999999999995,0.0,0.0
198.97102975845337,-0.06999999999999995,-0.06999999999999995,0.0,0.0
199.12155508995056,-0.06999999999999995,-0.06999999999999995,0.0,0.0
199.2761218547821,-0.06999999999999995,-0.06999999999999995,0.0,0.0
199.42714548110962,-0.06999999999999995,-0.06999999999999995,0.0,0.0
199.57443284988403,-0.06999999999999995,-0.06999999999999995,0.0,0.0
199.72440791130066,-0.06999999999999995,-0.06999999999999995,0.0,0.0
199.88130283355713,-0.06999999999999995,-0.06999999999999995,0.0,0.0
200.02687859535217,-0.06999999999999995,-0.06999999999999995,0.0,0.0
200.17769622802734,-0.06999999999999995,-0.06999999999999995,0.0,0.0
200.3276789188385,-0.06999999999999995,-0.06999999999999995,0.0,0.0
200.49533653259277,-0.06999999999999995,-0.06999999999999995,0.0,0.0
200.68218874931335,-0.06999999999999995,-0.06999999999999995,0.0,0.0
200.77740573883057,-0.06999999999999995,-0.06999999999999995,0.0,0.0
200.93076705932617,-0.06999999999999995,-0.06999999999999995,0.0,0.0
201.0821394920349,-0.06999999999999995,-0.06999999999999995,0.0,0.0
201.2425239086151,-0.06999999999999995,-0.06999999999999995,0.0,0.0
201.38394832611084,-0.06999999999999995,-0.06999999999999995,0.0,0.0
201.53816270828247,-0.034999999999999955,-0.034999999999999955,0.0,0.0
201.6891369819641,-0.034999999999999955,-0.034999999999999955,0.0,0.0
201.83956480026245,-0.034999999999999955,-0.034999999999999955,0.0,0.0
201.98950481414795,-0.034999999999999955,-0.034999999999999955,0.0,0.0
202.13740062713623,-0.034999999999999955,-0.034999999999999955,0.0,0.0
202.2858600616455,-0.034999999999999955,-0.034999999999999955,0.0,0.0
202.4363296031952,-0.034999999999999955,-0.034999999999999955,0.0,0.0
202.59105157852173,-0.034999999999999955,-0.034999999999999955,0.0,0.0
