0.10412788391113281,0,0,0.0,0.0
0.2518601417541504,0,0,0.0,0.0
0.3982107639312744,0,0,0.0,0.0
0.5523324012756348,0,0,0.0,0.0
0.7011206150054932,0,0,0.0,0.0
0.8602261543273926,0,0,0.0,0.0
1.0088179111480713,0,0,0.0,0.0
1.1575536727905273,0,0,0.0,0.0
1.3028440475463867,0,0,0.0,0.0
1.4564108848571777,0,0,0.0,0.0
1.6064000129699707,0,0,0.0,0.0
1.7617149353027344,0,0,0.0,0.0
1.911407470703125,0,0,0.0,0.0
2.0550506114959717,0,0,0.0,0.0
2.205561876296997,0,0,0.0,0.0
2.368452787399292,0,0,0.0,0.0
2.511686325073242,0,0,0.0,0.0
2.6648550033569336,0,0,0.0,0.0
2.813481092453003,0,0,0.0,0.0
2.9609620571136475,0,0,0.0,0.0
3.1122913360595703,0,0,0.0,0.0
3.264784574508667,0,0,0.0,0.0
3.412277936935425,0,0,0.0,0.0
3.566727638244629,0,0,0.0,0.0
3.713097095489502,0,0,0.0,0.0
3.903270721435547,-0.034999999999999996,-0.034999999999999996,0.0,0.0
4.014722108840942,-0.034999999999999996,-0.034999999999999996,0.0,0.0
4.163486480712891,-0.034999999999999996,-0.034999999999999996,0.0,0.0
4.315506458282471,-0.034999999999999996,-0.034999999999999996,0.0,0.0
4.477661609649658,-0.034999999999999996,-0.034999999999999996,0.0,0.0
4.619637966156006,-0.034999999999999996,-0.034999999999999996,0.0,0.0
4.772275686264038,-0.034999999999999996,-0.034999999999999996,0.0,0.0
4.938443183898926,-0.034999999999999996,-0.034999999999999996,0.0,0.0
5.074448347091675,-0.034999999999999996,-0.034999999999999996,0.0,0.0
5.2214720249176025,-0.034999999999999996,-0.034999999999999996,0.0,0.0
5.370997905731201,-0.034999999999999996,-0.034999999999999996,0.0,0.0
5.542029142379761,-0.034999999999999996,-0.034999999999999996,0.0,0.0
5.676009893417358,-0.034999999999999996,-0.034999999999999996,0.0,0.0
5.822280645370483,-0.034999999999999996,-0.034999999999999996,0.0,0.0
5.979037523269653,-0.034999999999999996,-0.034999999999999996,0.0,0.0
6.1257758140563965,-0.034999999999999996,-0.034999999999999996,0.0,0.0
6.278907775878906,-0.034999999999999996,-0.034999999999999996,0.0,0.0
6.432648181915283,-0.034999999999999996,-0.034999999999999996,0.0,0.0
6.586943626403809,-0.034999999999999996,-0.034999999999999996,0.0,0.0
6.730469226837158,-0.034999999999999996,-0.034999999999999996,0.0,0.0
6.885679721832275,-0.034999999999999996,-0.034999999999999996,0.0,0.0
7.0340354442596436,-0.034999999999999996,-0.034999999999999996,0.0,0.0
7.1933534145355225,-0.034999999999999996,-0.034999999999999996,0.0,0.0
7.334338903427124,-0.034999999999999996,-0.034999999999999996,0.0,0.0
7.485102653503418,-0.034999999999999996,-0.034999999999999996,0.0,0.0
7.63884711265564,-0.034999999999999996,-0.034999999999999996,0.0,0.0
7.785517454147339,-0.034999999999999996,-0.034999999999999996,0.0,0.0
7.951300382614136,-0.034999999999999996,-0.034999999999999996,0.0,0.0
8.091496229171753,-0.034999999999999996,-0.034999999999999996,0.0,0.0
8.236200094223022,-0.034999999999999996,-0.034999999999999996,0.0,0.0
8.395512819290161,-0.034999999999999996,-0.034999999999999996,0.0,0.0
8.543378591537476,-0.034999999999999996,-0.034999999999999996,0.0,0.0
8.690555334091187,-0.034999999999999996,-0.034999999999999996,0.0,0.0
8.83809232711792,-0.034999999999999996,-0.034999999999999996,0.0,0.0
8.987555980682373,-0.06999999999999999,-0.06999999999999999,0.0,0.0
9.174898624420166,-0.06999999999999999,-0.06999999999999999,0.0,0.0
9.31355619430542,-0.06999999999999999,-0.06999999999999999,0.0,0.0
9.442135572433472,-0.06999999999999999,-0.06999999999999999,0.0,0.0
9.593178510665894,-0.06999999999999999,-0.06999999999999999,0.0,0.0
9.740092992782593,-0.06999999999999999,-0.06999999999999999,0.0,0.0
9.895570755004883,-0.06999999999999999,-0.06999999999999999,0.0,0.0
10.045621871948242,-0.06999999999999999,-0.06999999999999999,0.0,0.0
10.193782567977905,-0.06999999999999999,-0.06999999999999999,0.0,0.0
10.34066390991211,-0.06999999999999999,-0.06999999999999999,0.0,0.0
10.557319164276123,-0.06999999999999999,-0.06999999999999999,0.0,0.0
10.687782049179077,-0.06999999999999999,-0.06999999999999999,0.0,0.0
10.810451984405518,-0.06999999999999999,-0.06999999999999999,0.0,0.0
10.970811367034912,-0.06999999999999999,-0.06999999999999999,0.0,0.0
11.098316431045532,-0.06999999999999999,-0.06999999999999999,0.0,0.0
11.253320217132568,-0.06999999999999999,-0.06999999999999999,0.0,0.0
11.400582075119019,-0.06999999999999999,-0.06999999999999999,0.0,0.0
11.549455881118774,-0.06999999999999999,-0.06999999999999999,0.0,0.0
11.704156637191772,-0.06999999999999999,-0.06999999999999999,0.0,0.0
11.852380275726318,-0.06999999999999999,-0.06999999999999999,0.0,0.0
12.003741025924683,-0.06999999999999999,-0.06999999999999999,0.0,0.0
12.153357028961182,-0.06999999999999999,-0.06999999999999999,0.0,0.0
12.300565481185913,-0.06999999999999999,-0.06999999999999999,0.0,0.0
12.461427688598633,-0.06999999999999999,-0.06999999999999999,0.0,0.0
12.612350702285767,-0.06999999999999999,-0.06999999999999999,0.0,0.0
12.758410215377808,-0.06999999999999999,-0.06999999999999999,0.0,0.0
12.908786296844482,-0.06999999999999999,-0.06999999999999999,0.0,0.0
13.057084798812866,-0.06999999999999999,-0.06999999999999999,0.0,0.0
13.209737539291382,-0.06999999999999999,-0.06999999999999999,0.0,0.0
13.361022472381592,-0.06999999999999999,-0.06999999999999999,0.0,0.0
13.511545181274414,-0.06999999999999999,-0.06999999999999999,0.0,0.0
13.659568548202515,-0.06999999999999999,-0.06999999999999999,0.0,0.0
13.81183648109436,-0.06999999999999999,-0.06999999999999999,0.0,0.0
13.962064743041992,-0.10499999999999998,-0.10499999999999998,0.0,0.0
14.125271797180176,-0.10499999999999998,-0.10499999999999998,0.0,0.0
14.264487266540527,-0.10499999999999998,-0.10499999999999998,0.0,0.0
14.409791707992554,-0.10499999999999998,-0.10499999999999998,0.0,0.0
14.561950922012329,-0.10499999999999998,-0.10499999999999998,0.0,0.0
14.715357780456543,-0.10499999999999998,-0.10499999999999998,0.0,0.0
14.868437767028809,-0.10499999999999998,-0.10499999999999998,0.0,0.0
15.018923997879028,-0.10499999999999998,-0.10499999999999998,0.0,0.0
15.176110029220581,-0.10499999999999998,-0.10499999999999998,0.0,0.0
15.33812928199768,-0.10499999999999998,-0.10499999999999998,0.0,0.0
15.462683916091919,-0.10499999999999998,-0.10499999999999998,0.0,0.0
15.613187074661255,-0.10499999999999998,-0.10499999999999998,0.0,0.0
15.768176317214966,-0.10499999999999998,-0.10499999999999998,0.0,0.0
15.920863628387451,-0.10499999999999998,-0.10499999999999998,0.0,0.0
16.06869888305664,-0.10499999999999998,-0.10499999999999998,0.0,0.0
16.26797914505005,-0.10499999999999998,-0.10499999999999998,0.0,0.0
16.420997142791748,-0.10499999999999998,-0.10499999999999998,0.0,0.0
16.521170139312744,-0.10499999999999998,-0.10499999999999998,0.0,0.0
16.667784929275513,-0.10499999999999998,-0.10499999999999998,0.0,0.0
16.826043844223022,-0.10499999999999998,-0.10499999999999998,0.0,0.0
16.973388671875,-0.10499999999999998,-0.10499999999999998,0.0,0.0
17.11897850036621,-0.10499999999999998,-0.10499999999999998,0.0,0.0
17.275091886520386,-0.10499999999999998,-0.10499999999999998,0.0,0.0
17.43136501312256,-0.10499999999999998,-0.10499999999999998,0.0,0.0
17.576544284820557,-0.10499999999999998,-0.10499999999999998,0.0,0.0
17.721686124801636,-0.10499999999999998,-0.10499999999999998,0.0,0.0
17.880043745040894,-0.10499999999999998,-0.10499999999999998,0.0,0.0
18.02625274658203,-0.10499999999999998,-0.10499999999999998,0.0,0.0
18.18057608604431,-0.10499999999999998,-0.10499999999999998,0.0,0.0
18.393187999725342,-0.10499999999999998,-0.10499999999999998,0.0,0.0
18.480036973953247,-0.10499999999999998,-0.10499999999999998,0.0,0.0
18.628212451934814,-0.10499999999999998,-0.10499999999999998,0.0,0.0
18.77852749824524,-0.10499999999999998,-0.10499999999999998,0.0,0.0
18.93303155899048,-0.13999999999999999,-0.13999999999999999,0.0,0.0
19.092040300369263,-0.13999999999999999,-0.13999999999999999,0.0,0.0
19.23565125465393,-0.13999999999999999,-0.13999999999999999,0.0,0.0
19.388789892196655,-0.13999999999999999,-0.13999999999999999,0.0,0.0
19.535371780395508,-0.13999999999999999,-0.13999999999999999,0.0,0.0
19.687647819519043,-0.13999999999999999,-0.13999999999999999,0.0,0.0
19.837043285369873,-0.13999999999999999,-0.13999999999999999,0.0,0.0
19.991514444351196,-0.13999999999999999,-0.13999999999999999,0.0,0.0
20.139216899871826,-0.13999999999999999,-0.13999999999999999,0.0,0.0
20.29008412361145,-0.13999999999999999,-0.13999999999999999,0.0,0.0
20.45744776725769,-0.13999999999999999,-0.13999999999999999,0.0,0.0
20.591400861740112,-0.13999999999999999,-0.13999999999999999,0.0,0.0
20.739466667175293,-0.13999999999999999,-0.13999999999999999,0.0,0.0
20.88758420944214,-0.13999999999999999,-0.13999999999999999,0.0,0.0
21.05052399635315,-0.13999999999999999,-0.13999999999999999,0.0,0.0
21.189131021499634,-0.13999999999999999,-0.13999999999999999,0.0,0.0
21.333436489105225,-0.13999999999999999,-0.13999999999999999,0.0,0.0
21.494603633880615,-0.13999999999999999,-0.13999999999999999,0.0,0.0
21.648911237716675,-0.13999999999999999,-0.13999999999999999,0.0,0.0
21.796959400177002,-0.13999999999999999,-0.13999999999999999,0.0,0.0
21.94783616065979,-0.13999999999999999,-0.13999999999999999,0.0,0.0
22.095354080200195,-0.13999999999999999,-0.13999999999999999,0.0,0.0
22.240545988082886,-0.13999999999999999,-0.13999999999999999,0.0,0.0
22.393903255462646,-0.13999999999999999,-0.13999999999999999,0.0,0.0
22.549992084503174,-0.13999999999999999,-0.13999999999999999,0.0,0.0
22.693157196044922,-0.13999999999999999,-0.13999999999999999,0.0,0.0
22.846738576889038,-0.13999999999999999,-0.13999999999999999,0.0,0.0
23.0266170501709,-0.13999999999999999,-0.13999999999999999,0.0,0.0
23.151806592941284,-0.13999999999999999,-0.13999999999999999,0.0,0.0
23.301148176193237,-0.13999999999999999,-0.13999999999999999,0.0,0.0
23.448872804641724,-0.13999999999999999,-0.13999999999999999,0.0,0.0
23.60078740119934,-0.13999999999999999,-0.13999999999999999,0.0,0.0
23.75106644630432,-0.13999999999999999,-0.13999999999999999,0.0,0.0
23.90548610687256,-0.175,-0.175,0.0,0.0
24.057559967041016,-0.175,-0.175,0.0,0.0
24.202029943466187,-0.175,-0.175,0.0,0.0
24.356998920440674,-0.175,-0.175,0.0,0.0
24.51113796234131,-0.175,-0.175,0.0,0.0
24.666640758514404,-0.175,-0.175,0.0,0.0
24.821922302246094,-0.175,-0.175,0.0,0.0
24.9553325176239,-0.175,-0.175,0.0,0.0
25.114333868026733,-0.175,-0.175,0.0,0.0
25.26142406463623,-0.175,-0.175,0.0,0.0
25.409348487854004,-0.175,-0.175,0.0,0.0
25.56237006187439,-0.175,-0.175,0.0,0.0
25.71240496635437,-0.175,-0.175,0.0,0.0
25.87077498435974,-0.175,-0.175,0.0,0.0
26.012935400009155,-0.175,-0.175,0.0,0.0
26.168604850769043,-0.175,-0.175,0.0,0.0
26.314621925354004,-0.175,-0.175,0.0,0.0
26.469517707824707,-0.175,-0.175,0.0,0.0
26.62510395050049,-0.175,-0.175,0.0,0.0
26.769559383392334,-0.175,-0.175,0.0,0.0
26.921187162399292,-0.175,-0.175,0.0,0.0
27.067429065704346,-0.175,-0.175,0.0,0.0
27.224809408187866,-0.175,-0.175,0.0,0.0
27.374038696289062,-0.175,-0.175,0.0,0.0
27.521629095077515,-0.175,-0.175,0.0,0.0
27.675796508789062,-0.175,-0.175,0.0,0.0
27.82439136505127,-0.175,-0.175,0.0,0.0
27.97233247756958,-0.175,-0.175,0.0,0.0
28.12388014793396,-0.175,-0.175,0.0,0.0
28.275280237197876,-0.175,-0.175,0.0,0.0
28.427470207214355,-0.175,-0.175,0.0,0.0
28.577503204345703,-0.175,-0.175,0.0,0.0
28.72747826576233,-0.175,-0.175,0.0,0.0
28.89132595062256,-0.21,-0.21,0.0,0.0
29.07661199569702,-0.21,-0.21,0.0,0.0
29.180652618408203,-0.21,-0.21,0.0,0.0
29.3315749168396,-0.21,-0.21,0.0,0.0
29.479634523391724,-0.21,-0.21,0.0,0.0
29.628398180007935,-0.21,-0.21,0.0,0.0
29.782098531723022,-0.21,-0.21,0.0,0.0
29.936899662017822,-0.21,-0.21,0.0,0.0
30.087551593780518,-0.21,-0.21,0.0,0.0
30.23799729347229,-0.21,-0.21,0.0,0.0
30.389382123947144,-0.21,-0.21,0.0,0.0
30.544721603393555,-0.21,-0.21,0.0,0.0
30.685953855514526,-0.21,-0.21,0.0,0.0
30.83838129043579,-0.21,-0.21,0.0,0.0
30.990981578826904,-0.21,-0.21,0.0,0.0
31.138163805007935,-0.21,-0.21,0.0,0.0
31.287954092025757,-0.21,-0.21,0.0,0.0
31.445260047912598,-0.21,-0.21,0.0,0.0
31.595632314682007,-0.21,-0.21,0.0,0.0
31.74234652519226,-0.21,-0.21,0.0,0.0
31.89365291595459,-0.21,-0.21,0.0,0.0
32.04777455329895,-0.21,-0.21,0.0,0.0
32.194273710250854,-0.21,-0.21,0.0,0.0
32.348416805267334,-0.21,-0.21,0.0,0.0
32.49531316757202,-0.21,-0.21,0.0,0.0
32.65057373046875,-0.21,-0.21,0.0,0.0
32.80052590370178,-0.21,-0.21,0.0,0.0
32.95143389701843,-0.21,-0.21,0.0,0.0
33.10030770301819,-0.21,-0.21,0.0,0.0
33.25953936576843,-0.21,-0.21,0.0,0.0
33.41829490661621,-0.21,-0.21,0.0,0.0
33.55692768096924,-0.21,-0.21,0.0,0.0
33.70237374305725,-0.21,-0.21,0.0,0.0
33.85258865356445,-0.21,-0.21,0.0,0.0
34.003148317337036,-0.245,-0.245,0.0,0.0
34.154699087142944,-0.245,-0.245,0.0,0.0
34.30375385284424,-0.245,-0.245,0.0,0.0
34.45394706726074,-0.245,-0.245,0.0,0.0
34.60891842842102,-0.245,-0.245,0.0,0.0
34.75894069671631,-0.245,-0.245,0.0,0.0
34.90838432312012,-0.245,-0.245,0.0,0.0
35.065606117248535,-0.245,-0.245,0.0,0.0
35.21036148071289,-0.245,-0.245,0.0,0.0
35.35934376716614,-0.245,-0.245,0.0,0.0
35.51513648033142,-0.245,-0.245,0.0,0.0
35.66068148612976,-0.245,-0.245,0.0,0.0
35.81187987327576,-0.245,-0.245,0.0,0.0
35.96811008453369,-0.245,-0.245,0.0,0.0
36.11281657218933,-0.245,-0.245,0.0,0.0
36.26715278625488,-0.245,-0.245,0.0,0.0
36.4163134098053,-0.245,-0.245,0.0,0.0
36.5677707195282,-0.245,-0.245,0.0,0.0
36.72143864631653,-0.245,-0.245,0.0,0.0
36.87454271316528,-0.245,-0.245,0.0,0.0
37.02362942695618,-0.245,-0.245,0.0,0.0
37.17108345031738,-0.245,-0.245,0.0,0.0
37.32283592224121,-0.245,-0.245,0.0,0.0
37.47076201438904,-0.245,-0.245,0.0,0.0
37.638827085494995,-0.245,-0.245,0.0,0.0
37.77270030975342,-0.245,-0.245,0.0,0.0
37.92185139656067,-0.245,-0.245,0.0,0.0
38.095107555389404,-0.245,-0.245,0.0,0.0
38.22345852851868,-0.245,-0.245,0.0,0.0
38.37495398521423,-0.245,-0.245,0.0,0.0
38.52694630622864,-0.245,-0.245,0.0,0.0
38.6817147731781,-0.245,-0.245,0.0,0.0
38.837703227996826,-0.245,-0.245,0.0,0.0
38.98035526275635,-0.27999999999999997,-0.27999999999999997,0.0,0.0
39.13957643508911,-0.27999999999999997,-0.27999999999999997,0.0,0.0
39.28139281272888,-0.27999999999999997,-0.27999999999999997,0.0,0.0
39.43081283569336,-0.27999999999999997,-0.27999999999999997,0.0,0.0
39.58175444602966,-0.27999999999999997,-0.27999999999999997,0.0,0.0
39.735231161117554,-0.27999999999999997,-0.27999999999999997,0.0,0.0
39.884175300598145,-0.27999999999999997,-0.27999999999999997,0.0,0.0
40.033310413360596,-0.27999999999999997,-0.27999999999999997,0.0,0.0
40.19615125656128,-0.27999999999999997,-0.27999999999999997,0.0,0.0
40.35602521896362,-0.27999999999999997,-0.27999999999999997,0.0,0.0
40.49069046974182,-0.27999999999999997,-0.27999999999999997,0.0,0.0
40.640257120132446,-0.27999999999999997,-0.27999999999999997,0.0,0.0
40.78875279426575,-0.27999999999999997,-0.27999999999999997,0.0,0.0
40.940383434295654,-0.27999999999999997,-0.27999999999999997,0.0,0.0
41.10109782218933,-0.27999999999999997,-0.27999999999999997,0.0,-0.006704148647472726
41.245118379592896,-0.27999999999999997,-0.27999999999999997,0.0,0.0
41.40486931800842,-0.27999999999999997,-0.27999999999999997,0.0,0.0
41.5458242893219,-0.27999999999999997,-0.27999999999999997,0.0,0.0
41.69353127479553,-0.27999999999999997,-0.27999999999999997,0.0,0.0
41.84649157524109,-0.27999999999999997,-0.27999999999999997,0.0,0.0
41.99530267715454,-0.27999999999999997,-0.27999999999999997,0.0,0.0
42.15400576591492,-0.27999999999999997,-0.27999999999999997,0.0,0.0
42.297998666763306,-0.27999999999999997,-0.27999999999999997,0.0,0.0
42.445982694625854,-0.27999999999999997,-0.27999999999999997,0.0,0.0
42.60211801528931,-0.27999999999999997,-0.27999999999999997,0.0,0.0
42.75060415267944,-0.27999999999999997,-0.27999999999999997,0.0,0.0
42.899558305740356,-0.27999999999999997,-0.27999999999999997,0.0,0.0
43.06186294555664,-0.27999999999999997,-0.27999999999999997,0.0,0.0
43.19962430000305,-0.27999999999999997,-0.27999999999999997,0.0,0.0
43.349634885787964,-0.27999999999999997,-0.27999999999999997,0.0,0.0
43.503788232803345,-0.27999999999999997,-0.27999999999999997,0.0,0.0
43.65284585952759,-0.27999999999999997,-0.27999999999999997,0.0,0.0
43.81019711494446,-0.27999999999999997,-0.27999999999999997,0.0,0.0
43.95881724357605,-0.31499999999999995,-0.31499999999999995,0.0,0.0
44.10455060005188,-0.31499999999999995,-0.31499999999999995,0.0,0.0
44.2546591758728,-0.31499999999999995,-0.31499999999999995,0.0,0.0
44.40945219993591,-0.31499999999999995,-0.31499999999999995,0.0,0.0
44.55934190750122,-0.31499999999999995,-0.31499999999999995,0.0,0.0
44.70960521697998,-0.31499999999999995,-0.31499999999999995,0.0,0.0
44.857847929000854,-0.31499999999999995,-0.31499999999999995,0.0,0.0
45.00995755195618,-0.31499999999999995,-0.31499999999999995,0.0,0.0
45.15880346298218,-0.31499999999999995,-0.31499999999999995,0.0,0.0
45.31145620346069,-0.31499999999999995,-0.31499999999999995,0.0,0.0
45.46468257904053,-0.31499999999999995,-0.31499999999999995,0.0,0.0
45.61490297317505,-0.31499999999999995,-0.31499999999999995,0.0,0.0
45.76287388801575,-0.31499999999999995,-0.31499999999999995,0.0,0.0
45.917797803878784,-0.31499999999999995,-0.31499999999999995,0.0,0.0
46.07198691368103,-0.31499999999999995,-0.31499999999999995,0.0,0.0
46.27955484390259,-0.31499999999999995,-0.31499999999999995,0.0,0.0
46.36712574958801,-0.31499999999999995,-0.31499999999999995,0.0,0.0
46.52082657814026,-0.31499999999999995,-0.31499999999999995,0.0,0.0
46.67148947715759,-0.31499999999999995,-0.31499999999999995,0.0,0.0
46.8204026222229,-0.31499999999999995,-0.31499999999999995,0.0,0.0
46.97448372840881,-0.31499999999999995,-0.31499999999999995,0.0,0.0
47.11962699890137,-0.31499999999999995,-0.31499999999999995,0.0,0.0
47.27563452720642,-0.31499999999999995,-0.31499999999999995,0.0,0.0
47.42376518249512,-0.31499999999999995,-0.31499999999999995,0.0,0.0
47.57480525970459,-0.31499999999999995,-0.31499999999999995,0.0,0.0
47.729092836380005,-0.31499999999999995,-0.31499999999999995,0.0,0.0
47.87396454811096,-0.31499999999999995,-0.31499999999999995,0.0,0.0
48.02919006347656,-0.31499999999999995,-0.31499999999999995,0.0,0.0
48.17657804489136,-0.31499999999999995,-0.31499999999999995,0.0,0.0
48.3711359500885,-0.31499999999999995,-0.31499999999999995,0.0,0.0
48.47407102584839,-0.31499999999999995,-0.31499999999999995,0.0,0.0
48.63298845291138,-0.31499999999999995,-0.31499999999999995,0.0,0.0
48.78111815452576,-0.31499999999999995,-0.31499999999999995,0.0,0.0
48.93970036506653,-0.3499999999999999,-0.3499999999999999,0.0,0.0
49.07750654220581,-0.3499999999999999,-0.3499999999999999,0.0,0.0
49.26794195175171,-0.3499999999999999,-0.3499999999999999,0.0,0.0
49.384315729141235,-0.3499999999999999,-0.3499999999999999,0.0,0.0
49.68912386894226,-0.3499999999999999,-0.3499999999999999,0.0,0.0
49.69600582122803,-0.3499999999999999,-0.3499999999999999,0.0,0.0
49.8357470035553,-0.3499999999999999,-0.3499999999999999,0.0,0.0
49.99011492729187,-0.3499999999999999,-0.3499999999999999,0.0,0.0
50.138606786727905,-0.3499999999999999,-0.3499999999999999,0.0,0.0
50.289835929870605,-0.3499999999999999,-0.3499999999999999,0.0,0.0
50.437191009521484,-0.3499999999999999,-0.3499999999999999,0.0,0.0
50.60968518257141,-0.3499999999999999,-0.3499999999999999,0.0,0.0
50.7413215637207,-0.3499999999999999,-0.3499999999999999,0.0,0.0
50.88844442367554,-0.3499999999999999,-0.3499999999999999,0.0,0.0
51.03793406486511,-0.3499999999999999,-0.3499999999999999,0.0,0.0
51.19469237327576,-0.3499999999999999,-0.3499999999999999,0.0,0.0
51.349093198776245,-0.3499999999999999,-0.3499999999999999,0.0,0.0
51.48972773551941,-0.3499999999999999,-0.3499999999999999,0.0,0.0
51.644248485565186,-0.3499999999999999,-0.3499999999999999,0.0,0.0
51.792439699172974,-0.3499999999999999,-0.3499999999999999,0.0,0.0
51.94771432876587,-0.3499999999999999,-0.3499999999999999,0.0,0.0
52.0989933013916,-0.3499999999999999,-0.3499999999999999,0.0,0.0
52.24688243865967,-0.3499999999999999,-0.3499999999999999,0.0,0.0
52.396994829177856,-0.3499999999999999,-0.3499999999999999,0.0,0.0
52.55408191680908,-0.3499999999999999,-0.3499999999999999,0.0,0.0
52.70304489135742,-0.3499999999999999,-0.3499999999999999,0.0,0.0
52.851823806762695,-0.3499999999999999,-0.3499999999999999,0.0,0.0
53.00640249252319,-0.3499999999999999,-0.3499999999999999,0.0,0.0
53.14812159538269,-0.3499999999999999,-0.3499999999999999,0.0,0.0
53.30288648605347,-0.3499999999999999,-0.3499999999999999,0.0,0.0
53.455623626708984,-0.3499999999999999,-0.3499999999999999,0.0,0.0
53.602781534194946,-0.3499999999999999,-0.3499999999999999,0.0,0.0
53.754390478134155,-0.3499999999999999,-0.3499999999999999,0.0,0.0
53.91145944595337,-0.3849999999999999,-0.3849999999999999,0.0,0.0
54.07209300994873,-0.3849999999999999,-0.3849999999999999,0.0,0.0
54.21384310722351,-0.3849999999999999,-0.3849999999999999,0.0,0.0
54.35996413230896,-0.3849999999999999,-0.3849999999999999,-0.007418256980541846,-0.007418256980541846
54.50583791732788,-0.3849999999999999,-0.3849999999999999,0.0,0.0
54.6612982749939,-0.3849999999999999,-0.3849999999999999,0.0,0.0
54.80943059921265,-0.3849999999999999,-0.3849999999999999,0.0,0.0
54.959012031555176,-0.3849999999999999,-0.3849999999999999,0.0,0.0
55.11353373527527,-0.3849999999999999,-0.3849999999999999,0.0,0.0
55.2623450756073,-0.3849999999999999,-0.3849999999999999,0.0,0.0
55.42306876182556,-0.3849999999999999,-0.3849999999999999,0.0,0.0
55.56846380233765,-0.3849999999999999,-0.3849999999999999,0.0,0.0
55.72586703300476,-0.3849999999999999,-0.3849999999999999,0.0,0.0
55.86332178115845,-0.3849999999999999,-0.3849999999999999,0.0,0.0
56.015971183776855,-0.3849999999999999,-0.3849999999999999,0.0,0.0
56.1657612323761,-0.3849999999999999,-0.3849999999999999,0.0,0.0
56.322253704071045,-0.3849999999999999,-0.3849999999999999,0.0,0.0
56.46941804885864,-0.3849999999999999,-0.3849999999999999,0.0,0.0
56.62124061584473,-0.3849999999999999,-0.3849999999999999,0.0,0.0
56.7779700756073,-0.3849999999999999,-0.3849999999999999,0.0,0.0
56.91985821723938,-0.3849999999999999,-0.3849999999999999,0.0,0.0
57.075674057006836,-0.3849999999999999,-0.3849999999999999,0.0,0.0
57.21831011772156,-0.3849999999999999,-0.3849999999999999,0.0,0.0
57.37574791908264,-0.3849999999999999,-0.3849999999999999,0.0,0.0
57.52667570114136,-0.3849999999999999,-0.3849999999999999,0.0,0.0
57.67922496795654,-0.3849999999999999,-0.3849999999999999,0.0,0.0
57.825499296188354,-0.3849999999999999,-0.3849999999999999,0.0,0.0
57.97740125656128,-0.3849999999999999,-0.3849999999999999,0.0,0.0
58.13370418548584,-0.3849999999999999,-0.3849999999999999,0.0,0.0
58.27997088432312,-0.3849999999999999,-0.3849999999999999,0.0,0.0
58.43069410324097,-0.3849999999999999,-0.3849999999999999,0.0,0.0
58.58230662345886,-0.3849999999999999,-0.3849999999999999,0.0,0.0
58.730204820632935,-0.3849999999999999,-0.3849999999999999,0.0,0.0
58.884108781814575,-0.4199999999999999,-0.4199999999999999,0.0,0.0
59.031195640563965,-0.4199999999999999,-0.4199999999999999,0.0,0.0
59.18169903755188,-0.4199999999999999,-0.4199999999999999,0.0,0.0
59.36498761177063,-0.4199999999999999,-0.4199999999999999,0.0,0.0
59.491074562072754,-0.4199999999999999,-0.4199999999999999,0.0,0.0
59.63909554481506,-0.4199999999999999,-0.4199999999999999,0.0,0.0
59.78636860847473,-0.4199999999999999,-0.4199999999999999,0.0,0.0
59.9374258518219,-0.4199999999999999,-0.4199999999999999,0.0,0.0
60.0910804271698,-0.4199999999999999,-0.4199999999999999,0.0,0.0
60.25905966758728,-0.4199999999999999,-0.4199999999999999,0.0,0.0
60.409268617630005,-0.4199999999999999,-0.4199999999999999,0.0,0.0
60.539939403533936,-0.4199999999999999,-0.4199999999999999,0.0,0.0
60.68959307670593,-0.4199999999999999,-0.4199999999999999,0.0,0.0
60.84740352630615,-0.4199999999999999,-0.4199999999999999,0.0,0.0
61.03044819831848,-0.4199999999999999,-0.4199999999999999,0.0,-0.006771709554638468
61.14288330078125,-0.4199999999999999,-0.4199999999999999,0.0,0.0
61.2946093082428,-0.4199999999999999,-0.4199999999999999,0.0,0.0
61.442615032196045,-0.4199999999999999,-0.4199999999999999,0.0,0.0
61.59353256225586,-0.4199999999999999,-0.4199999999999999,0.0,0.0
61.74551200866699,-0.4199999999999999,-0.4199999999999999,0.0,0.0
61.8957417011261,-0.4199999999999999,-0.4199999999999999,0.0,0.0
62.0437228679657,-0.4199999999999999,-0.4199999999999999,0.0,0.0
62.206604957580566,-0.4199999999999999,-0.4199999999999999,0.0,0.0
62.34450173377991,-0.4199999999999999,-0.4199999999999999,0.0,0.0
62.49527382850647,-0.4199999999999999,-0.4199999999999999,0.0,0.0
62.649794816970825,-0.4199999999999999,-0.4199999999999999,0.0,0.0
62.798293113708496,-0.4199999999999999,-0.4199999999999999,0.0,0.0
62.9516544342041,-0.4199999999999999,-0.4199999999999999,0.0,0.0
63.10411882400513,-0.4199999999999999,-0.4199999999999999,0.0,0.0
63.25428318977356,-0.4199999999999999,-0.4199999999999999,0.0,0.0
63.43564200401306,-0.4199999999999999,-0.4199999999999999,0.0,0.0
63.55490279197693,-0.4199999999999999,-0.4199999999999999,0.0,0.0
63.704238176345825,-0.4199999999999999,-0.4199999999999999,0.0,0.0
63.85403084754944,-0.4199999999999999,-0.4199999999999999,0.0,0.0
64.00563883781433,-0.45499999999999985,-0.45499999999999985,0.0,0.0
64.15555548667908,-0.45499999999999985,-0.45499999999999985,0.0,0.0
64.326655626297,-0.45499999999999985,-0.45499999999999985,0.0,0.0
64.45728635787964,-0.45499999999999985,-0.45499999999999985,0.0,0.0
64.60650873184204,-0.45499999999999985,-0.45499999999999985,0.0,0.0
64.75910925865173,-0.45499999999999985,-0.45499999999999985,0.0,0.0
64.90968894958496,-0.45499999999999985,-0.45499999999999985,0.0,0.0
65.0606529712677,-0.45499999999999985,-0.45499999999999985,0.0,0.0
65.20923137664795,-0.45499999999999985,-0.45499999999999985,0.0,0.0
65.36373519897461,-0.45499999999999985,-0.45499999999999985,0.0,0.0
65.51422786712646,-0.45499999999999985,-0.45499999999999985,0.0,0.0
65.66322255134583,-0.45499999999999985,-0.45499999999999985,0.0,0.0
65.81562781333923,-0.45499999999999985,-0.45499999999999985,0.0,0.0
65.97052311897278,-0.45499999999999985,-0.45499999999999985,0.0,0.0
66.1220862865448,-0.45499999999999985,-0.45499999999999985,0.0,0.0
66.26515507698059,-0.45499999999999985,-0.45499999999999985,0.0,0.0
66.41596603393555,-0.45499999999999985,-0.45499999999999985,0.0,0.0
66.57104301452637,-0.45499999999999985,-0.45499999999999985,0.0,0.0
66.71927618980408,-0.45499999999999985,-0.45499999999999985,0.0,0.0
66.87040376663208,-0.45499999999999985,-0.45499999999999985,0.0,0.0
67.02480578422546,-0.45499999999999985,-0.45499999999999985,0.0,0.0
67.17044496536255,-0.45499999999999985,-0.45499999999999985,0.0,0.0
67.32857084274292,-0.45499999999999985,-0.45499999999999985,0.0,0.0
67.47287964820862,-0.45499999999999985,-0.45499999999999985,0.0,0.0
67.62537574768066,-0.45499999999999985,-0.45499999999999985,0.0,0.0
67.77521467208862,-0.45499999999999985,-0.45499999999999985,0.0,0.0
67.9254777431488,-0.45499999999999985,-0.45499999999999985,0.0,0.0
68.09107828140259,-0.45499999999999985,-0.45499999999999985,0.0,0.0
68.24672532081604,-0.45499999999999985,-0.45499999999999985,0.0,0.0
68.38192009925842,-0.45499999999999985,-0.45499999999999985,0.0,0.0
68.5302722454071,-0.45499999999999985,-0.45499999999999985,0.0,0.0
68.68371772766113,-0.45499999999999985,-0.45499999999999985,0.0,0.0
68.83213400840759,-0.45499999999999985,-0.45499999999999985,0.0,0.0
68.9870114326477,-0.4899999999999998,-0.4899999999999998,0.0,0.0
69.12922811508179,-0.4899999999999998,-0.4899999999999998,0.0,0.0
69.28307771682739,-0.4899999999999998,-0.4899999999999998,0.0,0.0
69.43413162231445,-0.4899999999999998,-0.4899999999999998,0.0,0.0
69.62163352966309,-0.4899999999999998,-0.4899999999999998,0.0,0.0
69.7535331249237,-0.4899999999999998,-0.4899999999999998,0.0,0.0
69.88454151153564,-0.4899999999999998,-0.4899999999999998,0.0,-0.0068741581905426416
70.04220986366272,-0.4899999999999998,-0.4899999999999998,-0.007722946461694433,0.0
70.18839764595032,-0.4899999999999998,-0.4899999999999998,0.0,0.0
70.33740997314453,-0.4899999999999998,-0.4899999999999998,0.0,0.0
70.49785709381104,-0.4899999999999998,-0.4899999999999998,0.0,0.0
70.6395788192749,-0.4899999999999998,-0.4899999999999998,0.0,0.0
70.79425001144409,-0.4899999999999998,-0.4899999999999998,0.0,0.0
70.9408495426178,-0.4899999999999998,-0.4899999999999998,0.0,-0.006991095317059325
71.09260845184326,-0.4899999999999998,-0.4899999999999998,-0.007163430565171531,-0.007163430565171531
71.2449266910553,-0.4899999999999998,-0.4899999999999998,-0.025083973802983044,-0.016722649201988696
71.40925073623657,-0.4899999999999998,-0.4899999999999998,0.0,-0.03222448725793029
71.54616928100586,-0.4899999999999998,-0.4899999999999998,0.008071929727502392,-0.040359648637511965
71.69525003433228,-0.4899999999999998,-0.4899999999999998,0.0,-0.019819385336478146
71.84846711158752,-0.4899999999999998,-0.4899999999999998,0.0,-0.00821239928990536
72.021244764328,-0.4899999999999998,-0.4899999999999998,0.0,0.0
72.1488184928894,-0.4899999999999998,-0.4899999999999998,0.0,0.0
72.29930353164673,-0.4899999999999998,-0.4899999999999998,0.0,0.0
72.45314168930054,-0.4899999999999998,-0.4899999999999998,0.0,0.0
72.59933114051819,-0.4899999999999998,-0.4899999999999998,0.0,0.0
72.75471568107605,-0.4899999999999998,-0.4899999999999998,0.0,0.0
72.91642451286316,-0.4899999999999998,-0.4899999999999998,0.0,0.0
73.0542061328888,-0.4899999999999998,-0.4899999999999998,0.0,0.0
73.20611214637756,-0.4899999999999998,-0.4899999999999998,0.0,0.0
73.3551139831543,-0.4899999999999998,-0.4899999999999998,0.0,0.0
73.50578498840332,-0.4899999999999998,-0.4899999999999998,0.0,0.0
73.68921089172363,-0.4899999999999998,-0.4899999999999998,0.0,0.0
73.84118437767029,-0.4899999999999998,-0.4899999999999998,0.0,0.0
73.97476625442505,-0.5249999999999998,-0.5249999999999998,0.0,0.0
74.12904405593872,-0.5249999999999998,-0.5249999999999998,0.0,0.0
74.26398658752441,-0.5249999999999998,-0.5249999999999998,0.0,0.0
74.4298369884491,-0.5249999999999998,-0.5249999999999998,0.0,0.0
74.55727624893188,-0.5249999999999998,-0.5249999999999998,0.0,0.0
74.71381568908691,-0.5249999999999998,-0.5249999999999998,0.0,0.0
74.86844205856323,-0.5249999999999998,-0.5249999999999998,0.0,0.0
75.01289224624634,-0.5249999999999998,-0.5249999999999998,0.0,0.0
75.16846966743469,-0.5249999999999998,-0.5249999999999998,0.0,-0.006634893550010393
75.31437015533447,-0.5249999999999998,-0.5249999999999998,0.0,0.0
75.47512483596802,-0.5249999999999998,-0.5249999999999998,0.0,0.0
75.61543822288513,-0.5249999999999998,-0.5249999999999998,0.0,0.0
75.76642441749573,-0.5249999999999998,-0.5249999999999998,0.0,0.0
75.91668176651001,-0.5249999999999998,-0.5249999999999998,0.0,0.0
76.06957578659058,-0.5249999999999998,-0.5249999999999998,0.0,0.0
76.21802496910095,-0.5249999999999998,-0.5249999999999998,0.0,0.0
76.37026357650757,-0.5249999999999998,-0.5249999999999998,0.0,0.0
76.51918435096741,-0.5249999999999998,-0.5249999999999998,0.0,0.0
76.66882252693176,-0.5249999999999998,-0.5249999999999998,0.0,0.0
76.82381415367126,-0.5249999999999998,-0.5249999999999998,0.0,0.0
76.99054765701294,-0.5249999999999998,-0.5249999999999998,0.0,0.0
77.14337849617004,-0.5249999999999998,-0.5249999999999998,0.0,0.0
77.2923834323883,-0.5249999999999998,-0.5249999999999998,0.0,0.0
77.43187713623047,-0.5249999999999998,-0.5249999999999998,0.0,0.0
77.57509541511536,-0.5249999999999998,-0.5249999999999998,0.0,0.0
77.72445750236511,-0.5249999999999998,-0.5249999999999998,0.0,0.0
77.8797173500061,-0.5249999999999998,-0.5249999999999998,0.0,0.0
78.0250916481018,-0.5249999999999998,-0.5249999999999998,0.0,0.0
78.18674278259277,-0.5249999999999998,-0.5249999999999998,0.0,0.0
78.32638382911682,-0.5249999999999998,-0.5249999999999998,0.0,0.0
78.48066687583923,-0.5249999999999998,-0.5249999999999998,0.0,0.0
78.62874102592468,-0.5249999999999998,-0.5249999999999998,0.0,0.0
78.78246665000916,-0.5249999999999998,-0.5249999999999998,0.0,0.0
78.93072724342346,-0.5599999999999998,-0.5599999999999998,0.0,0.0
79.08385634422302,-0.5599999999999998,-0.5599999999999998,0.0,0.0
79.23545980453491,-0.5599999999999998,-0.5599999999999998,0.0,0.0
79.38830971717834,-0.5599999999999998,-0.5599999999999998,0.0,0.0
79.55145597457886,-0.5599999999999998,-0.5599999999999998,0.0,0.0
79.68727445602417,-0.5599999999999998,-0.5599999999999998,0.0,0.0
79.84142327308655,-0.5599999999999998,-0.5599999999999998,0.0,0.0
79.98627734184265,-0.5599999999999998,-0.5599999999999998,0.0,0.0
80.14082527160645,-0.5599999999999998,-0.5599999999999998,0.0,0.0
80.29220342636108,-0.5599999999999998,-0.5599999999999998,0.0,0.0
80.43823981285095,-0.5599999999999998,-0.5599999999999998,0.0,0.0
80.59506964683533,-0.5599999999999998,-0.5599999999999998,0.0,0.0
80.74172329902649,-0.5599999999999998,-0.5599999999999998,0.0,0.0
80.89175868034363,-0.5599999999999998,-0.5599999999999998,0.0,-0.013431253968122005
81.04356932640076,-0.5599999999999998,-0.5599999999999998,0.0,-0.016236171594138916
81.19341230392456,-0.5599999999999998,-0.5599999999999998,0.0,-0.02092298517569635
81.34342980384827,-0.5599999999999998,-0.5599999999999998,0.0,-0.027150280251067704
81.49542832374573,-0.5599999999999998,-0.5599999999999998,0.0,-0.03277618561056724
81.6476240158081,-0.5599999999999998,-0.5599999999999998,-0.055849128200378496,-0.041886846150283874
81.7960455417633,-0.5599999999999998,-0.5599999999999998,-0.014451953579366636,-0.043355860738099904
81.94804644584656,-0.5599999999999998,-0.5599999999999998,-0.007904199545500968,-0.04742519727300581
82.11191082000732,-0.5599999999999998,-0.5599999999999998,0.0,-0.040149566615703534
82.24859356880188,-0.5599999999999998,-0.5599999999999998,0.0,-0.035249743743124784
82.39919948577881,-0.5599999999999998,-0.5599999999999998,0.0,-0.034002437786967314
82.55137085914612,-0.5599999999999998,-0.5599999999999998,0.0,-0.02682213776692729
82.70014142990112,-0.5599999999999998,-0.5599999999999998,0.0,-0.04033969940191845
82.86857056617737,-0.5599999999999998,-0.5599999999999998,0.0,-0.03320424819881924
83.00448513031006,-0.5599999999999998,-0.5599999999999998,0.0,-0.031408842860306596
83.15472435951233,-0.5599999999999998,-0.5599999999999998,0.0,-0.034528475750937426
83.30521774291992,-0.5599999999999998,-0.5599999999999998,0.0,-0.03676657141932978
83.4590699672699,-0.5599999999999998,-0.5599999999999998,0.0,-0.03242620654694515
83.60498070716858,-0.5599999999999998,-0.5599999999999998,0.0,-0.038277861141708544
83.76298761367798,-0.5599999999999998,-0.5599999999999998,0.0,-0.04359079932711914
83.94600462913513,-0.5949999999999999,-0.5949999999999999,0.0,-0.04134132664572549
84.05794548988342,-0.5949999999999999,-0.5949999999999999,0.0,-0.04304969677077846
84.20720434188843,-0.5949999999999999,-0.5949999999999999,0.0,-0.05300116927922832
84.37006449699402,-0.5949999999999999,-0.5949999999999999,0.0,-0.03949674962571432
84.51200437545776,-0.5949999999999999,-0.5949999999999999,0.0,-0.05531248387690594
84.6605896949768,-0.5949999999999999,-0.5949999999999999,0.0,-0.054703871285649415
84.83125591278076,-0.5949999999999999,-0.5949999999999999,0.0,-0.04628947449667323
84.96973705291748,-0.5949999999999999,-0.5949999999999999,0.0,-0.049098442293879704
85.11342763900757,-0.5949999999999999,-0.5949999999999999,-0.006732085389243016,-0.06058876850318713
85.26327753067017,-0.5949999999999999,-0.5949999999999999,0.0,-0.07410854882311811
85.4182915687561,-0.5949999999999999,-0.5949999999999999,0.0,-0.09747292254755821
85.56417536735535,-0.5949999999999999,-0.5949999999999999,0.0,-0.10321838634669905
85.71665096282959,-0.5949999999999999,-0.5949999999999999,0.0,-0.10960207069377279
85.8668122291565,-0.5949999999999999,-0.5949999999999999,0.0,-0.10287463886329463
86.02865648269653,-0.5949999999999999,-0.5949999999999999,0.0,-0.09672705598401954
86.1705482006073,-0.5949999999999999,-0.5949999999999999,0.0,-0.08730523869447986
86.31874799728394,-0.5949999999999999,-0.5949999999999999,0.0,-0.08075085735236377
86.47020936012268,-0.5949999999999999,-0.5949999999999999,0.0,-0.07828646584208349
86.6209626197815,-0.5949999999999999,-0.5949999999999999,0.0,-0.0766725909793071
86.81270670890808,-0.5949999999999999,-0.5949999999999999,0.0,-0.07483795275458298
86.93796110153198,-0.5949999999999999,-0.5949999999999999,0.0,-0.06901291842995423
87.09225344657898,-0.5949999999999999,-0.5949999999999999,0.0,-0.059595591308243615
87.22336053848267,-0.5949999999999999,-0.5949999999999999,0.0,-0.05638722760777348
87.38251161575317,-0.5949999999999999,-0.5949999999999999,0.0,-0.08593455498415574
87.52932548522949,-0.5949999999999999,-0.5949999999999999,0.0,-0.08739362569383335
87.67968034744263,-0.5949999999999999,-0.5949999999999999,0.0,-0.08371730345882597
87.82954668998718,-0.5949999999999999,-0.5949999999999999,0.0,-0.08735974816413133
87.98322248458862,-0.5949999999999999,-0.5949999999999999,0.0,-0.08437237356593658
88.13173031806946,-0.5949999999999999,-0.5949999999999999,0.0,-0.09355542850624757
88.27973198890686,-0.5949999999999999,-0.5949999999999999,0.0,-0.09622945610278995
88.43365335464478,-0.5949999999999999,-0.5949999999999999,0.0,-0.08703216267300125
88.58160018920898,-0.5949999999999999,-0.5949999999999999,-0.006883865847928858,-0.0619547926313597
88.73359894752502,-0.5949999999999999,-0.5949999999999999,0.0,-0.08025455202704933
88.88339328765869,-0.5949999999999999,-0.5949999999999999,0.0,-0.08445901772397725
89.03589606285095,-0.6299999999999999,-0.6299999999999999,0.0,-0.08001026541686242
89.18325567245483,-0.6299999999999999,-0.6299999999999999,0.0,-0.0985411143389162
89.33533024787903,-0.6299999999999999,-0.6299999999999999,0.0,-0.08945825696070847
89.48981237411499,-0.6299999999999999,-0.6299999999999999,0.0,-0.09289216055812032
89.63534593582153,-0.6299999999999999,-0.6299999999999999,0.0,-0.08677933131993064
89.78880405426025,-0.6299999999999999,-0.6299999999999999,0.007564515120767787,-0.1210322419322846
89.9376425743103,-0.6299999999999999,-0.6299999999999999,0.0,-0.12944203834150633
90.10142040252686,-0.6299999999999999,-0.6299999999999999,0.0,-0.14452559039908647
90.24378848075867,-0.6299999999999999,-0.6299999999999999,0.0,-0.14259197415948802
90.40030360221863,-0.6299999999999999,-0.6299999999999999,0.0,-0.15274544101327928
90.54398369789124,-0.6299999999999999,-0.6299999999999999,-0.006021870923060053,-0.14452490215344127
90.70649242401123,-0.6299999999999999,-0.6299999999999999,0.0,-0.15425013544969582
90.84787082672119,-0.6299999999999999,-0.6299999999999999,0.0,-0.15495767007932457
90.9975471496582,-0.6299999999999999,-0.6299999999999999,0.0,-0.132680125567637
91.15362286567688,-0.6299999999999999,-0.6299999999999999,-0.005902755483203738,-0.12395786514727851
91.2946195602417,-0.6299999999999999,-0.6299999999999999,0.0,-0.1635532197586609
91.46189379692078,-0.6299999999999999,-0.6299999999999999,0.013274695506737409,-0.1592963460808489
91.61922407150269,-0.6299999999999999,-0.6299999999999999,0.0,-0.14549836785836354
91.74916982650757,-0.6299999999999999,-0.6299999999999999,0.0,-0.14031118541418774
91.89952969551086,-0.6299999999999999,-0.6299999999999999,-0.006419924482467502,-0.14765826309675253
92.05261301994324,-0.6299999999999999,-0.6299999999999999,0.0,-0.1363643235116118
92.2033281326294,-0.6299999999999999,-0.6299999999999999,-0.00674684267268734,-0.1349368534537468
92.35228252410889,-0.6299999999999999,-0.6299999999999999,0.0,-0.11793880069510454
92.5058958530426,-0.6299999999999999,-0.6299999999999999,0.0,-0.13321457172267265
92.6580696105957,-0.6299999999999999,-0.6299999999999999,0.0,-0.12124175630356747
92.8308675289154,-0.6299999999999999,-0.6299999999999999,0.0,-0.1498913593546711
92.95656847953796,-0.6299999999999999,-0.6299999999999999,0.0,-0.15470236792318565
93.10970544815063,-0.6299999999999999,-0.6299999999999999,0.0,-0.11966915910852068
93.25534462928772,-0.6299999999999999,-0.6299999999999999,0.0,-0.14527012486329796
93.40733003616333,-0.6299999999999999,-0.6299999999999999,0.0,-0.1430813297255434
93.56165337562561,-0.6299999999999999,-0.6299999999999999,0.0,-0.1508147319447546
93.71184873580933,-0.6299999999999999,-0.6299999999999999,0.0,-0.13778078567169427
93.86361694335938,-0.6299999999999999,-0.6299999999999999,0.0,-0.13779439916485575
94.02764225006104,-0.6649999999999999,-0.6649999999999999,0.0,-0.14336326568741975
94.16188549995422,-0.6649999999999999,-0.6649999999999999,-0.007415777818766001,-0.18539444546915002
94.31551170349121,-0.6649999999999999,-0.6649999999999999,0.0,-0.19168581011383848
94.46572470664978,-0.6649999999999999,-0.6649999999999999,0.006860624801188357,-0.18523686963208563
94.6128032207489,-0.6649999999999999,-0.6649999999999999,-0.006908452978706486,-0.1934366834037816
94.77744102478027,-0.6649999999999999,-0.6649999999999999,0.0,-0.15103760047827372
94.91968727111816,-0.6649999999999999,-0.6649999999999999,0.0,-0.1623515500525452
95.06939172744751,-0.6649999999999999,-0.6649999999999999,0.0,-0.1698940496273026
95.21419954299927,-0.6649999999999999,-0.6649999999999999,0.0,-0.20197669783089195
95.36671590805054,-0.6649999999999999,-0.6649999999999999,0.0,-0.1841327515041187
95.5283088684082,-0.6649999999999999,-0.6649999999999999,0.0,-0.16909089900876542
95.66856479644775,-0.6649999999999999,-0.6649999999999999,0.0,-0.1639215428579846
95.82350659370422,-0.6649999999999999,-0.6649999999999999,0.0,-0.2157940484192182
95.97094011306763,-0.6649999999999999,-0.6649999999999999,0.0,-0.15194095630032836
96.12565517425537,-0.6649999999999999,-0.6649999999999999,0.0,-0.16071303421253727
96.29367232322693,-0.6649999999999999,-0.6649999999999999,0.0,-0.15787800695962131
96.43620824813843,-0.6649999999999999,-0.6649999999999999,0.0,-0.18614413760630857
96.57194471359253,-0.6649999999999999,-0.6649999999999999,0.0,-0.17016566366492675
96.7207567691803,-0.6649999999999999,-0.6649999999999999,0.0,-0.17934672175432906
96.87371587753296,-0.6649999999999999,-0.6649999999999999,0.0,-0.1524881369005266
97.02377223968506,-0.6649999999999999,-0.6649999999999999,0.0,-0.17923801530172848
97.17403054237366,-0.6649999999999999,-0.6649999999999999,0.0,-0.225147709083136
97.32561802864075,-0.6649999999999999,-0.6649999999999999,0.0,-0.1967664718373604
97.47729897499084,-0.6649999999999999,-0.6649999999999999,0.0,-0.15139357489777125
97.62660956382751,-0.6649999999999999,-0.6649999999999999,0.0,-0.20289298007046916
97.81471514701843,-0.6649999999999999,-0.6649999999999999,0.0,-0.2039251514667686
97.9323194026947,-0.6649999999999999,-0.6649999999999999,0.0,-0.18188681545508667
98.07999563217163,-0.6649999999999999,-0.6649999999999999,0.0,-0.16679624129675527
98.22856712341309,-0.6649999999999999,-0.6649999999999999,0.0,-0.1582711485822441
98.38965511322021,-0.6649999999999999,-0.6649999999999999,0.0,-0.18274064362377798
98.53032326698303,-0.6649999999999999,-0.6649999999999999,0.0,-0.16402946901508236
98.68133401870728,-0.6649999999999999,-0.6649999999999999,0.0,-0.17002744392421995
98.84442901611328,-0.6649999999999999,-0.6649999999999999,0.006561995686204722,-0.18373587921373222
98.98292541503906,-0.7,-0.7,0.0,-0.19702732550562746
99.14437651634216,-0.7,-0.7,0.0,-0.1614951679542837
99.28826880455017,-0.7,-0.7,0.0,-0.18279946366223587
99.43925952911377,-0.7,-0.7,0.0,-0.1615155553630616
99.59004950523376,-0.7,-0.7,0.0,-0.1255916479355887
99.7379879951477,-0.7,-0.7,0.0,-0.15436172920594193
99.90571975708008,-0.7,-0.7,0.0,-0.17751409761862144
100.0452880859375,-0.7,-0.7,0.0,-0.1678489047358821
100.19451546669006,-0.7,-0.7,0.0,-0.16765436355087596
100.33946537971497,-0.7,-0.7,0.0,-0.13152782217645165
100.49169373512268,-0.7,-0.7,0.007162457038663673,-0.15041159781193714
100.64539337158203,-0.7,-0.7,0.0,-0.14409422362612193
100.79729175567627,-0.7,-0.7,0.0,-0.1073666410625205
100.94339036941528,-0.7,-0.7,0.0,-0.1634742936618031
101.09805750846863,-0.7,-0.7,0.0,-0.1703692813003462
101.24488091468811,-0.7,-0.7,-0.013732421414622994,-0.2197187426339679
101.39773178100586,-0.7,-0.7,0.0,-0.18015556389934223
101.54672265052795,-0.7,-0.7,0.0,-0.2133758925996526
101.71336793899536,-0.7,-0.7,0.0,-0.18839217900715743
101.85350823402405,-0.7,-0.7,0.0,-0.22982989919261593
102.05003190040588,-0.7,-0.7,0.0,-0.22887893985703503
102.15180969238281,-0.7,-0.7,0.0,-0.2459265376190196
102.30125117301941,-0.7,-0.7,0.0,-0.22762076789028443
102.45370841026306,-0.7,-0.7,0.0,-0.2569490664144891
102.60221147537231,-0.7,-0.7,0.0,-0.2228893239949298
102.75301742553711,-0.7,-0.7,0.0,-0.2269868172194247
102.9045581817627,-0.7,-0.7,0.0,-0.23285584818208305
103.0553810596466,-0.7,-0.7,0.0,-0.2774290180085273
103.20329999923706,-0.7,-0.7,0.0,-0.23729514052051276
103.3617160320282,-0.7,-0.7,0.0,-0.23995762808129795
103.50784254074097,-0.7,-0.7,0.006526497625630199,-0.21537442164579654
103.66156029701233,-0.7,-0.7,0.0,-0.25002924524140896
103.84418606758118,-0.7,-0.7,0.0,-0.23675540329389014
103.97239089012146,-0.735,-0.735,0.0,0.0
104.11966180801392,-0.735,-0.735,0.0,-0.22537414454355695
104.30388498306274,-0.735,-0.735,-0.00700526528571936,-0.2872158767144938
104.41103744506836,-0.735,-0.735,0.0,-0.2482624409564946
104.57287549972534,-0.735,-0.735,0.0,-0.25383285454664173
105.01807022094727,-0.735,-0.735,0.0,-0.2632303601345161
105.16569828987122,-0.735,-0.735,0.0,-0.25349411151222373
105.3212628364563,-0.735,-0.735,0.0,-0.24387963314061065
105.46819257736206,-0.735,-0.735,0.0,-0.27893920443470516
105.6166021823883,-0.735,-0.735,0.0,-0.2659607031551303
105.76959657669067,-0.735,-0.735,0.0,-0.285751823961027
105.95361161231995,-0.735,-0.735,0.0,-0.2328037269160234
106.0817666053772,-0.735,-0.735,0.0,-0.26337777731881606
106.22308349609375,-0.735,-0.735,-0.013217375944800385,-0.2775648948408081
106.37216138839722,-0.735,-0.735,0.0,-0.2351898924064629
106.53611660003662,-0.735,-0.735,0.006458916271640238,-0.25835665086560955
106.6763322353363,-0.735,-0.735,0.0,-0.24148065618679457
106.82749438285828,-0.735,-0.735,-0.006918484675416099,-0.2559839329903956
106.97404527664185,-0.735,-0.735,0.0,-0.22378554795343805
107.1239881515503,-0.735,-0.735,0.0,-0.2519343884424665
107.27838706970215,-0.735,-0.735,-0.0071337382427055255,-0.24968083849469339
107.43735074996948,-0.735,-0.735,-0.006665993746695689,-0.26663974986782757
107.58125162124634,-0.735,-0.735,0.0,-0.22866809462081716
107.73616290092468,-0.735,-0.735,0.007772845574870822,-0.264276749545608
107.88128638267517,-0.735,-0.735,0.0,-0.25519502374122466
108.03216743469238,-0.735,-0.735,0.0,-0.2516394694253737
108.18155026435852,-0.735,-0.735,0.0,-0.2501366402852256
108.33389830589294,-0.735,-0.735,0.0066091022377065016,-0.23131857831972755
108.48635125160217,-0.735,-0.735,-0.006814665545171799,-0.272586621806872
108.63362240791321,-0.735,-0.735,0.0,-0.26442418517714766
108.78504014015198,-0.735,-0.735,0.0,-0.27356667301129545
108.9334762096405,-0.7,-0.7,0.008748714360339697,-0.28870757389121
109.08647775650024,-0.7,-0.7,-0.0072967523169668765,-0.22619932182597313
109.24113321304321,-0.7,-0.7,0.0,-0.23370320609454953
109.39170384407043,-0.7,-0.7,0.0,-0.26199024661872494
109.53957486152649,-0.7,-0.7,0.006194786287616513,-0.21062273377896143
109.68886852264404,-0.7,-0.7,0.0,-0.20533303203303174
109.84193921089172,-0.7,-0.7,0.0,-0.289354399365944
110.00073385238647,-0.7,-0.7,0.0,-0.2656830419527636
110.14315724372864,-0.7,-0.7,-0.006558219189843188,-0.2360958908343547
110.28978061676025,-0.7,-0.7,0.0,-0.24081146789800298
110.48290491104126,-0.7,-0.7,0.0,-0.21206091923190165
110.59688305854797,-0.7,-0.7,0.0,-0.26544376347317183
110.74045968055725,-0.7,-0.7,0.0,-0.2068125530072949
110.8926477432251,-0.7,-0.7,0.008446916927169453,-0.2449605908879141
111.04383707046509,-0.7,-0.7,0.0,-0.21678032287939497
111.196124792099,-0.7,-0.7,0.0,-0.18613580591661136
111.64579510688782,-0.7,-0.7,0.0,-0.21776247021232978
111.79694819450378,-0.7,-0.7,0.0,-0.20025456065676744
111.95175290107727,-0.7,-0.7,-0.0065476282572598165,-0.23571461726135334
112.10377264022827,-0.7,-0.7,-0.006991732747623292,-0.20276024968107545
112.2494592666626,-0.7,-0.7,0.0,-0.24053284923464538
112.41383671760559,-0.7,-0.7,0.0,-0.22634637891055
112.5565733909607,-0.7,-0.7,0.0,-0.24242847868133038
112.70604610443115,-0.7,-0.7,0.0,-0.2734969620759962
112.85280323028564,-0.7,-0.7,0.0,-0.3072862746246636
113.00836563110352,-0.7,-0.7,-0.0068264152174479535,-0.3003622695677099
113.15348315238953,-0.7,-0.7,0.0,-0.2617427083384695
113.30741214752197,-0.7,-0.7,0.0,-0.21991981460786728
113.4557945728302,-0.7,-0.7,0.0,-0.2329255827666381
113.60640907287598,-0.7,-0.7,0.0,-0.24126195535886968
113.76212859153748,-0.7,-0.7,0.0,-0.2737146586324886
113.90771722793579,-0.7,-0.7,0.0,-0.22155327448685933
114.06194496154785,-0.6649999999999999,-0.6649999999999999,0.0,-0.20738840683967144
114.21689248085022,-0.6649999999999999,-0.6649999999999999,0.0,-0.21684042827474462
114.36000180244446,-0.6649999999999999,-0.6649999999999999,0.0,-0.18894526727593758
114.51622486114502,-0.6649999999999999,-0.6649999999999999,-0.008296668190132044,-0.2571967138940933
114.66290140151978,-0.6649999999999999,-0.6649999999999999,0.0,-0.21385673183624218
114.82420754432678,-0.6649999999999999,-0.6649999999999999,0.0,-0.21965568430699234
114.99175882339478,-0.6649999999999999,-0.6649999999999999,0.0,-0.19957595380304718
115.4518530368805,-0.6649999999999999,-0.6649999999999999,0.0,-0.1598802167563067
115.58343076705933,-0.6649999999999999,-0.6649999999999999,0.0,-0.21005008146210405
115.71777129173279,-0.6649999999999999,-0.6649999999999999,0.0,-0.19527505764318828
115.8721752166748,-0.6649999999999999,-0.6649999999999999,0.0,-0.2031855507043399
116.02960443496704,-0.6649999999999999,-0.6649999999999999,0.0,-0.19788931094494203
116.1740345954895,-0.6649999999999999,-0.6649999999999999,-0.006499085748117778,-0.18847348669541553
116.31925630569458,-0.6649999999999999,-0.6649999999999999,0.0,-0.1609801900200113
116.47171449661255,-0.6649999999999999,-0.6649999999999999,0.0,-0.20466678437924246
116.62313318252563,-0.6649999999999999,-0.6649999999999999,0.0,-0.20725040757006313
116.77526259422302,-0.6649999999999999,-0.6649999999999999,0.0,-0.20389245109808118
116.92575669288635,-0.6649999999999999,-0.6649999999999999,0.0,-0.17987739666444413
117.07094049453735,-0.6649999999999999,-0.6649999999999999,0.0,-0.20168316050637422
117.2335479259491,-0.6649999999999999,-0.6649999999999999,0.0,-0.17901958631490053
117.37761998176575,-0.6649999999999999,-0.6649999999999999,0.0,-0.13110487770523221
117.52575469017029,-0.6649999999999999,-0.6649999999999999,-0.006616050379879488,-0.17201730987686667
117.67930293083191,-0.6649999999999999,-0.6649999999999999,0.0,-0.19185686907841454
117.83169102668762,-0.6649999999999999,-0.6649999999999999,-0.006664887363780148,-0.19328173354962427
117.9847526550293,-0.6649999999999999,-0.6649999999999999,0.0,-0.19231647352979409
118.1319670677185,-0.6649999999999999,-0.6649999999999999,0.0,-0.17584255764837958
118.28595018386841,-0.6649999999999999,-0.6649999999999999,0.0,-0.15590819833481376
118.43203926086426,-0.6649999999999999,-0.6649999999999999,0.0,-0.15188080034638307
118.58249831199646,-0.6649999999999999,-0.6649999999999999,0.0,-0.18407396746266477
118.74056100845337,-0.6649999999999999,-0.6649999999999999,0.0,-0.1704553756114431
118.88509202003479,-0.6649999999999999,-0.6649999999999999,0.0,-0.17975029379244759
119.03946375846863,-0.6299999999999999,-0.6299999999999999,0.0,-0.17054441828536424
119.18567299842834,-0.6299999999999999,-0.6299999999999999,0.007020310935048773,-0.16146715150612176
119.33778834342957,-0.6299999999999999,-0.6299999999999999,0.0,-0.15299038204122506
119.48951244354248,-0.6299999999999999,-0.6299999999999999,0.0,-0.13281843773805607
119.63978481292725,-0.6299999999999999,-0.6299999999999999,0.00656628729558877,-0.13789203320736418
119.80147218704224,-0.6299999999999999,-0.6299999999999999,0.0,-0.14492297869929768
119.96197366714478,-0.6299999999999999,-0.6299999999999999,0.0,0.1398951896617684
120.09332585334778,-0.6299999999999999,-0.6299999999999999,-0.008003747698377238,-0.17608244936429923
120.2423644065857,-0.6299999999999999,-0.6299999999999999,0.0,-0.1697086376117778
120.39297747612,-0.6299999999999999,-0.6299999999999999,0.0,-0.1430413989250134
120.5508041381836,-0.6299999999999999,-0.6299999999999999,0.0,-0.1979915458040423
120.69629383087158,-0.6299999999999999,-0.6299999999999999,0.0,-0.1745326396726119
120.8462769985199,-0.6299999999999999,-0.6299999999999999,0.0,-0.144448791575939
120.99738049507141,-0.6299999999999999,-0.6299999999999999,-0.006432411422816067,-0.16081028557040167
121.14767932891846,-0.6299999999999999,-0.6299999999999999,0.0,-0.16113123809799
121.30117273330688,-0.6299999999999999,-0.6299999999999999,0.0,-0.17953106378138933
121.44953417778015,-0.6299999999999999,-0.6299999999999999,0.0,-0.16596791258049998
121.61508917808533,-0.6299999999999999,-0.6299999999999999,0.0,-0.18844153863077343
121.75180840492249,-0.6299999999999999,-0.6299999999999999,0.0,-0.1913337199080004
121.90540957450867,-0.6299999999999999,-0.6299999999999999,-0.006664413280535622,-0.1866035718549974
122.05069947242737,-0.6299999999999999,-0.6299999999999999,0.0,-0.15983059187447923
122.20421981811523,-0.6299999999999999,-0.6299999999999999,0.0,-0.2101367127544206
122.35856580734253,-0.6299999999999999,-0.6299999999999999,0.0,-0.174556518165044
122.51132535934448,-0.6299999999999999,-0.6299999999999999,0.0,-0.2175436779021689
122.65388560295105,-0.6299999999999999,-0.6299999999999999,0.0,-0.19606273618693348
122.80519485473633,-0.6299999999999999,-0.6299999999999999,0.0,-0.17508536387923207
122.95824122428894,-0.6299999999999999,-0.6299999999999999,0.0,-0.16030529584243106
123.10817861557007,-0.6299999999999999,-0.6299999999999999,0.0,-0.15077306212770802
123.25439786911011,-0.6299999999999999,-0.6299999999999999,0.0,-0.11862197777180312
123.41262197494507,-0.6299999999999999,-0.6299999999999999,0.0,-0.11408570952390329
123.55855655670166,-0.6299999999999999,-0.6299999999999999,0.0,-0.14273019476717214
123.70638298988342,-0.6299999999999999,-0.6299999999999999,0.0,-0.17608862694774435
123.8608627319336,-0.6299999999999999,-0.6299999999999999,0.0,-0.14124412250087476
124.02020692825317,-0.5949999999999999,-0.5949999999999999,-0.007172569335500142,-0.25821249607800506
124.18457651138306,-0.5949999999999999,-0.5949999999999999,0.007978003753655082,-0.1276480600584813
124.31552171707153,-0.5949999999999999,-0.5949999999999999,0.0,-0.10661123697143522
124.46183896064758,-0.5949999999999999,-0.5949999999999999,0.0,-0.10702304527112985
124.61085295677185,-0.5949999999999999,-0.5949999999999999,0.0,-0.10024970720062865
124.7626588344574,-0.5949999999999999,-0.5949999999999999,0.0,-0.07097089171179298
124.9157726764679,-0.5949999999999999,-0.5949999999999999,0.0,-0.07644638792943612
125.06947827339172,-0.5949999999999999,-0.5949999999999999,0.0,-0.0791058817551979
125.21694254875183,-0.5949999999999999,-0.5949999999999999,0.0,-0.10573060738122604
125.37307906150818,-0.5949999999999999,-0.5949999999999999,0.0,-0.10536002994224435
125.52452087402344,-0.5949999999999999,-0.5949999999999999,0.0,-0.10787729103873575
125.66760754585266,-0.5949999999999999,-0.5949999999999999,0.006886339088964741,-0.1170677645124006
125.82016825675964,-0.5949999999999999,-0.5949999999999999,0.0,-0.111644272192033
125.97474122047424,-0.5949999999999999,-0.5949999999999999,0.0,-0.12657422751810782
126.12121391296387,-0.5949999999999999,-0.5949999999999999,0.0,-0.11098739056296705
126.28427481651306,-0.5949999999999999,-0.5949999999999999,0.0,-0.1255294001462186
126.42229270935059,-0.5949999999999999,-0.5949999999999999,0.0,-0.11690065826115804
126.57483100891113,-0.5949999999999999,-0.5949999999999999,0.0,-0.12020337756516108
126.72322511672974,-0.5949999999999999,-0.5949999999999999,0.0,-0.10902936064540508
126.8710126876831,-0.5949999999999999,-0.5949999999999999,0.0,-0.10018312909067056
127.0236451625824,-0.5949999999999999,-0.5949999999999999,0.0,-0.1166078544276695
127.1768581867218,-0.5949999999999999,-0.5949999999999999,0.006538642297089132,-0.1242342036446935
127.3317711353302,-0.5949999999999999,-0.5949999999999999,0.0,-0.12594604901333709
127.48396515846252,-0.5949999999999999,-0.5949999999999999,0.0,-0.1341576310320762
127.62772417068481,-0.5949999999999999,-0.5949999999999999,0.0,-0.11805563045590539
127.77795171737671,-0.5949999999999999,-0.5949999999999999,0.0,-0.12721706627818152
127.93459463119507,-0.5949999999999999,-0.5949999999999999,0.0,-0.13607778587320718
128.0867214202881,-0.5949999999999999,-0.5949999999999999,0.0,-0.0966842839919689
128.2311179637909,-0.5949999999999999,-0.5949999999999999,0.0,-0.1242479780882623
128.38372135162354,-0.5949999999999999,-0.5949999999999999,0.0,-0.12961271126921883
128.53451824188232,-0.5949999999999999,-0.5949999999999999,0.0,-0.13072749170682468
128.6859586238861,-0.5949999999999999,-0.5949999999999999,0.0,-0.11853281325537515
128.83562088012695,-0.5949999999999999,-0.5949999999999999,-0.006684857726698296,-0.1203274390805693
128.98990154266357,-0.5599999999999998,-0.5599999999999998,0.0,0.0
129.13860511779785,-0.5599999999999998,-0.5599999999999998,0.0,-0.11717679056617328
129.2868766784668,-0.5599999999999998,-0.5599999999999998,0.0,-0.1203053694381228
129.43774104118347,-0.5599999999999998,-0.5599999999999998,-0.012472581091997106,-0.09978064873597685
129.59043145179749,-0.5599999999999998,-0.5599999999999998,0.0,-0.10197586088779252
129.74103093147278,-0.5599999999999998,-0.5599999999999998,0.0,-0.11106140117280526
129.89464378356934,-0.5599999999999998,-0.5599999999999998,0.0,-0.0905170332040027
130.04388308525085,-0.5599999999999998,-0.5599999999999998,0.0,-0.06821218638015719
130.19160509109497,-0.5599999999999998,-0.5599999999999998,0.0,-0.07462369041143282
130.3451051712036,-0.5599999999999998,-0.5599999999999998,0.0,-0.07757829499150216
130.49385333061218,-0.5599999999999998,-0.5599999999999998,0.00863627350521641,-0.10363528206259692
130.64390444755554,-0.5599999999999998,-0.5599999999999998,0.0,-0.0923452001072467
130.79867672920227,-0.5599999999999998,-0.5599999999999998,0.0,-0.10014902324661697
130.94709992408752,-0.5599999999999998,-0.5599999999999998,0.0,-0.101385141490944
131.09629201889038,-0.5599999999999998,-0.5599999999999998,-0.0065690493981417596,-0.11167383976840992
131.25130009651184,-0.5599999999999998,-0.5599999999999998,0.0,-0.0921900261994638
131.40430974960327,-0.5599999999999998,-0.5599999999999998,0.0,-0.10001994633903617
131.54949045181274,-0.5599999999999998,-0.5599999999999998,0.00664257585392165,-0.1062812136627464
131.6994068622589,-0.5599999999999998,-0.5599999999999998,0.0,-0.09853880909600637
131.85416722297668,-0.5599999999999998,-0.5599999999999998,0.0,-0.0732876962684232
131.9992561340332,-0.5599999999999998,-0.5599999999999998,0.0,-0.09970421342282905
132.15395426750183,-0.5599999999999998,-0.5599999999999998,0.0,-0.09025721833743226
132.3083643913269,-0.5599999999999998,-0.5599999999999998,0.0,-0.07027448056320643
132.45184350013733,-0.5599999999999998,-0.5599999999999998,0.0,-0.08414146596164077
132.60133028030396,-0.5599999999999998,-0.5599999999999998,0.0,-0.08871862218785967
132.7560477256775,-0.5599999999999998,-0.5599999999999998,0.0,-0.1067528756111571
132.90511631965637,-0.5599999999999998,-0.5599999999999998,0.0,-0.10036594991109288
133.0529272556305,-0.5599999999999998,-0.5599999999999998,0.0,-0.09794446065710204
133.20796823501587,-0.5599999999999998,-0.5599999999999998,0.0,-0.10097253333739371
133.3597800731659,-0.5599999999999998,-0.5599999999999998,0.0,-0.10158217108195312
133.50866532325745,-0.5599999999999998,-0.5599999999999998,0.0,-0.09909847987191157
133.661474943161,-0.5599999999999998,-0.5599999999999998,0.0,-0.10927925413507648
133.80764770507812,-0.5599999999999998,-0.5599999999999998,0.0,-0.09389418265166241
133.9703254699707,-0.5249999999999998,-0.5249999999999998,0.0,0.0
134.1131875514984,-0.5249999999999998,-0.5249999999999998,0.0,-0.07627604043003175
134.2651331424713,-0.5249999999999998,-0.5249999999999998,0.0,-0.05176370526064827
134.41232991218567,-0.5249999999999998,-0.5249999999999998,0.0,-0.03699966554073723
134.56407570838928,-0.5249999999999998,-0.5249999999999998,0.0,-0.033094012202389944
134.71517872810364,-0.5249999999999998,-0.5249999999999998,0.0,-0.027779685119579477
134.86603713035583,-0.5249999999999998,-0.5249999999999998,0.0,-0.03333227313480741
135.02438259124756,-0.5249999999999998,-0.5249999999999998,0.0,-0.019046054662682867
135.16706037521362,-0.5249999999999998,-0.5249999999999998,-0.007528118215023652,-0.015056236430047304
135.32034611701965,-0.5249999999999998,-0.5249999999999998,-0.01282803240981851,-0.01282803240981851
135.4719693660736,-0.5249999999999998,-0.5249999999999998,-0.014547937445174644,-0.014547937445174644
135.6188507080078,-0.5249999999999998,-0.5249999999999998,-0.01381984953786648,-0.01381984953786648
135.77090120315552,-0.5249999999999998,-0.5249999999999998,-0.019602855684979638,-0.019602855684979638
135.92323398590088,-0.5249999999999998,-0.5249999999999998,-0.028654938173530563,-0.014327469086765281
136.07604384422302,-0.5249999999999998,-0.5249999999999998,-0.02771691478653735,-0.020787686089903012
136.2230613231659,-0.5249999999999998,-0.5249999999999998,-0.03166636418272602,-0.03166636418272602
136.37270832061768,-0.5249999999999998,-0.5249999999999998,-0.03434643405572672,-0.03434643405572672
136.52754473686218,-0.5249999999999998,-0.5249999999999998,-0.041921896630291125,-0.034934913858575944
136.6776168346405,-0.5249999999999998,-0.5249999999999998,-0.05990586745937391,-0.046593452468401936
136.8302342891693,-0.5249999999999998,-0.5249999999999998,-0.051175123940851316,-0.03655365995775094
136.9768877029419,-0.5249999999999998,-0.5249999999999998,-0.06261851716509322,-0.054791202519456565
137.1279366016388,-0.5249999999999998,-0.5249999999999998,-0.06245337477804114,-0.055514110913814356
137.27841424942017,-0.5249999999999998,-0.5249999999999998,-0.04934304074449027,-0.042294034923848804
137.4437472820282,-0.5249999999999998,-0.5249999999999998,-0.05394798362049296,-0.04046098771536971
137.58284783363342,-0.5249999999999998,-0.5249999999999998,-0.04529324064546536,-0.03882277769611316
137.72749710083008,-0.5249999999999998,-0.5249999999999998,-0.04494203644520236,-0.03745169703766864
137.87819600105286,-0.5249999999999998,-0.5249999999999998,-0.04706335718696857,-0.04034002044597306
138.03512144088745,-0.5249999999999998,-0.5249999999999998,-0.047064357069057434,-0.03137623804603829
138.1800320148468,-0.5249999999999998,-0.5249999999999998,-0.03819879747512414,-0.03183233122927012
138.33516120910645,-0.5249999999999998,-0.5249999999999998,-0.03762883528956984,-0.030103068231655872
138.480703830719,-0.5249999999999998,-0.5249999999999998,-0.04312160518303882,-0.028747736788692548
138.6363821029663,-0.5249999999999998,-0.5249999999999998,-0.0314824785278509,-0.02518598282228072
138.78399968147278,-0.5249999999999998,-0.5249999999999998,-0.040315272153094946,-0.032252217722475954
138.9430696964264,-0.5249999999999998,-0.5249999999999998,-0.033402047786988014,-0.02672163822959041
139.08787083625793,-0.4899999999999998,-0.4899999999999998,-0.028358871234350377,-0.028358871234350377
139.23986673355103,-0.4899999999999998,-0.4899999999999998,-0.02094238252674063,-0.02094238252674063
139.3915159702301,-0.4899999999999998,-0.4899999999999998,0.0,-0.013537331484681893
139.5399580001831,-0.4899999999999998,-0.4899999999999998,-0.015741709557813528,-0.015741709557813528
139.68658089637756,-0.4899999999999998,-0.4899999999999998,-0.02065311500581534,-0.02065311500581534
139.84135174751282,-0.4899999999999998,-0.4899999999999998,-0.026959978182518784,-0.020219983636889087
140.0087604522705,-0.4899999999999998,-0.4899999999999998,-0.02699925091155628,-0.02024943818366721
140.14438343048096,-0.4899999999999998,-0.4899999999999998,-0.014750616562279271,-0.007375308281139636
140.29589748382568,-0.4899999999999998,-0.4899999999999998,-0.0075865638523340715,-0.0075865638523340715
140.44613528251648,-0.4899999999999998,-0.4899999999999998,0.0,0.0
140.59559893608093,-0.4899999999999998,-0.4899999999999998,0.0,0.0
140.74484372138977,-0.4899999999999998,-0.4899999999999998,0.0,0.0
140.89817452430725,-0.4899999999999998,-0.4899999999999998,0.0,0.0
141.0446560382843,-0.4899999999999998,-0.4899999999999998,0.0,0.0
141.19436526298523,-0.4899999999999998,-0.4899999999999998,0.0,0.0
141.35509538650513,-0.4899999999999998,-0.4899999999999998,0.0,0.0
141.50151896476746,-0.4899999999999998,-0.4899999999999998,-0.006847700304712136,0.0
141.65202045440674,-0.4899999999999998,-0.4899999999999998,0.0,0.0
141.79890966415405,-0.4899999999999998,-0.4899999999999998,0.0,0.0
141.9508717060089,-0.4899999999999998,-0.4899999999999998,0.0,0.0
142.09959650039673,-0.4899999999999998,-0.4899999999999998,0.0,0.0
142.25266814231873,-0.4899999999999998,-0.4899999999999998,0.0,0.0
142.40141248703003,-0.4899999999999998,-0.4899999999999998,0.0,0.0
142.5518684387207,-0.4899999999999998,-0.4899999999999998,0.0,0.0
142.7039065361023,-0.4899999999999998,-0.4899999999999998,0.0,0.0
142.85497951507568,-0.4899999999999998,-0.4899999999999998,0.0,0.0
143.0058889389038,-0.4899999999999998,-0.4899999999999998,0.0,0.0
143.15872955322266,-0.4899999999999998,-0.4899999999999998,0.0,0.0
143.30696177482605,-0.4899999999999998,-0.4899999999999998,0.0,0.0
143.47082352638245,-0.4899999999999998,-0.4899999999999998,0.0,0.0
143.60905766487122,-0.4899999999999998,-0.4899999999999998,0.0,0.0
143.76137852668762,-0.4899999999999998,-0.4899999999999998,0.0,0.0
143.90874314308167,-0.4899999999999998,-0.4899999999999998,0.0,0.0
144.06080651283264,-0.45499999999999985,-0.45499999999999985,0.0,0.0
144.21006679534912,-0.45499999999999985,-0.45499999999999985,0.0,0.0
144.3634912967682,-0.45499999999999985,-0.45499999999999985,0.0,0.0
144.5176169872284,-0.45499999999999985,-0.45499999999999985,0.0,0.0
144.66298723220825,-0.45499999999999985,-0.45499999999999985,0.0,0.0
144.81698369979858,-0.45499999999999985,-0.45499999999999985,0.0,0.0
144.97394561767578,-0.45499999999999985,-0.45499999999999985,0.0,0.0
145.1269986629486,-0.45499999999999985,-0.45499999999999985,0.0,0.0
145.2657868862152,-0.45499999999999985,-0.45499999999999985,0.0,0.0
145.41633462905884,-0.45499999999999985,-0.45499999999999985,0.0,0.0
145.56543517112732,-0.45499999999999985,-0.45499999999999985,0.0,0.0
145.71588850021362,-0.45499999999999985,-0.45499999999999985,0.0,0.0
145.87219524383545,-0.45499999999999985,-0.45499999999999985,0.0,0.0
146.0205318927765,-0.45499999999999985,-0.45499999999999985,0.0,0.0
146.17178583145142,-0.45499999999999985,-0.45499999999999985,0.0,0.0
146.32315468788147,-0.45499999999999985,-0.45499999999999985,0.0,0.0
146.47293710708618,-0.45499999999999985,-0.45499999999999985,0.0,0.0
146.62492299079895,-0.45499999999999985,-0.45499999999999985,0.0,0.0
146.77400398254395,-0.45499999999999985,-0.45499999999999985,0.0,0.0
146.92955994606018,-0.45499999999999985,-0.45499999999999985,0.0,0.0
147.07861328125,-0.45499999999999985,-0.45499999999999985,0.0,0.0
147.23068356513977,-0.45499999999999985,-0.45499999999999985,0.0,0.0
147.38151049613953,-0.45499999999999985,-0.45499999999999985,0.0,0.0
147.5272934436798,-0.45499999999999985,-0.45499999999999985,0.0,0.0
147.68610882759094,-0.45499999999999985,-0.45499999999999985,0.0,0.0
147.82941007614136,-0.45499999999999985,-0.45499999999999985,0.0,0.0
147.99458050727844,-0.45499999999999985,-0.45499999999999985,0.0,0.0
148.12985229492188,-0.45499999999999985,-0.45499999999999985,0.0,0.0
148.28174448013306,-0.45499999999999985,-0.45499999999999985,0.0,0.0
148.43532729148865,-0.45499999999999985,-0.45499999999999985,0.0,0.0
148.58827114105225,-0.45499999999999985,-0.45499999999999985,0.0,0.0
148.73514580726624,-0.45499999999999985,-0.45499999999999985,0.0,0.0
148.88582372665405,-0.45499999999999985,-0.45499999999999985,0.0,0.0
149.0353512763977,-0.4199999999999999,-0.4199999999999999,0.0,0.0
149.20402097702026,-0.4199999999999999,-0.4199999999999999,0.0,0.0
149.33716249465942,-0.4199999999999999,-0.4199999999999999,0.0,0.0
149.4881854057312,-0.4199999999999999,-0.4199999999999999,0.0,0.0
149.6391637325287,-0.4199999999999999,-0.4199999999999999,0.0,0.0
149.7871491909027,-0.4199999999999999,-0.4199999999999999,0.0,0.0
149.94401168823242,-0.4199999999999999,-0.4199999999999999,0.0,0.0
150.0974678993225,-0.4199999999999999,-0.4199999999999999,0.0,0.0
150.24808287620544,-0.4199999999999999,-0.4199999999999999,0.0,0.0
150.39169716835022,-0.4199999999999999,-0.4199999999999999,0.0,0.0
150.5454661846161,-0.4199999999999999,-0.4199999999999999,0.0,0.0
150.69381666183472,-0.4199999999999999,-0.4199999999999999,0.0,0.0
150.84153485298157,-0.4199999999999999,-0.4199999999999999,0.0,0.0
150.9929449558258,-0.4199999999999999,-0.4199999999999999,0.0,0.0
151.14647793769836,-0.4199999999999999,-0.4199999999999999,0.0,0.0
151.29509043693542,-0.4199999999999999,-0.4199999999999999,0.0,0.0
151.44726824760437,-0.4199999999999999,-0.4199999999999999,0.0,0.0
151.60049867630005,-0.4199999999999999,-0.4199999999999999,0.0,0.0
151.74825859069824,-0.4199999999999999,-0.4199999999999999,0.0,0.0
151.89980244636536,-0.4199999999999999,-0.4199999999999999,0.0,0.0
152.0633192062378,-0.4199999999999999,-0.4199999999999999,0.0,0.0
152.2025260925293,-0.4199999999999999,-0.4199999999999999,0.0,0.0
152.3516445159912,-0.4199999999999999,-0.4199999999999999,0.0,0.0
152.50407028198242,-0.4199999999999999,-0.4199999999999999,0.0,0.0
152.65550994873047,-0.4199999999999999,-0.4199999999999999,0.0,0.0
152.80340814590454,-0.4199999999999999,-0.4199999999999999,0.0,0.0
152.96525502204895,-0.4199999999999999,-0.4199999999999999,0.0,0.0
153.11819100379944,-0.4199999999999999,-0.4199999999999999,0.0,0.0
153.26062083244324,-0.4199999999999999,-0.4199999999999999,0.0,0.0
153.41816067695618,-0.4199999999999999,-0.4199999999999999,0.0,0.0
153.5597734451294,-0.4199999999999999,-0.4199999999999999,0.0,0.0
153.70924425125122,-0.4199999999999999,-0.4199999999999999,0.0,0.0
153.86164498329163,-0.4199999999999999,-0.4199999999999999,0.0,0.0
154.01209378242493,-0.3849999999999999,-0.3849999999999999,0.0,0.0
154.18000841140747,-0.3849999999999999,-0.3849999999999999,0.0,0.0
154.31359696388245,-0.3849999999999999,-0.3849999999999999,0.0,0.0
154.46408104896545,-0.3849999999999999,-0.3849999999999999,0.0,0.0
154.61716222763062,-0.3849999999999999,-0.3849999999999999,0.0,0.0
154.7642261981964,-0.3849999999999999,-0.3849999999999999,0.0,0.0
154.9148461818695,-0.3849999999999999,-0.3849999999999999,0.0,0.0
155.07207775115967,-0.3849999999999999,-0.3849999999999999,0.0,0.0
155.21646523475647,-0.3849999999999999,-0.3849999999999999,0.0,0.0
155.3705189228058,-0.3849999999999999,-0.3849999999999999,0.0,0.0
155.5180630683899,-0.3849999999999999,-0.3849999999999999,0.0,0.0
155.66959023475647,-0.3849999999999999,-0.3849999999999999,0.0,0.0
155.8217179775238,-0.3849999999999999,-0.3849999999999999,0.0,0.0
155.96979212760925,-0.3849999999999999,-0.3849999999999999,0.0,0.0
156.11865878105164,-0.3849999999999999,-0.3849999999999999,0.0,0.0
156.2710313796997,-0.3849999999999999,-0.3849999999999999,0.0,0.0
156.43319821357727,-0.3849999999999999,-0.3849999999999999,0.0,0.0
156.57442426681519,-0.3849999999999999,-0.3849999999999999,0.0,0.0
156.7251181602478,-0.3849999999999999,-0.3849999999999999,0.0,0.0
156.87587547302246,-0.3849999999999999,-0.3849999999999999,0.0,0.0
157.02469515800476,-0.3849999999999999,-0.3849999999999999,0.0,0.0
157.17420101165771,-0.3849999999999999,-0.3849999999999999,0.0,0.0
157.3288025856018,-0.3849999999999999,-0.3849999999999999,0.0,0.0
157.47721099853516,-0.3849999999999999,-0.3849999999999999,0.0,0.0
157.63088250160217,-0.3849999999999999,-0.3849999999999999,0.0,0.0
157.7817964553833,-0.3849999999999999,-0.3849999999999999,0.0,0.0
157.93451833724976,-0.3849999999999999,-0.3849999999999999,0.0,0.0
158.08315110206604,-0.3849999999999999,-0.3849999999999999,0.0,0.0
158.23764848709106,-0.3849999999999999,-0.3849999999999999,0.0,0.0
158.4111397266388,-0.3849999999999999,-0.3849999999999999,0.0,0.0
158.5378966331482,-0.3849999999999999,-0.3849999999999999,0.0,0.0
158.6894781589508,-0.3849999999999999,-0.3849999999999999,0.0,0.0
158.83868837356567,-0.3849999999999999,-0.3849999999999999,0.0,0.0
158.987713098526,-0.3499999999999999,-0.3499999999999999,0.0,0.0
159.14108085632324,-0.3499999999999999,-0.3499999999999999,0.0,0.0
159.28917956352234,-0.3499999999999999,-0.3499999999999999,0.0,0.0
159.44438362121582,-0.3499999999999999,-0.3499999999999999,0.0,0.0
159.59062719345093,-0.3499999999999999,-0.3499999999999999,0.0,0.0
159.74307084083557,-0.3499999999999999,-0.3499999999999999,0.0,0.0
159.89546656608582,-0.3499999999999999,-0.3499999999999999,0.0,0.0
160.0443229675293,-0.3499999999999999,-0.3499999999999999,0.0,0.0
160.19550323486328,-0.3499999999999999,-0.3499999999999999,0.0,0.0
160.34417152404785,-0.3499999999999999,-0.3499999999999999,0.0,0.0
160.4972620010376,-0.3499999999999999,-0.3499999999999999,0.0,0.0
160.64790654182434,-0.3499999999999999,-0.3499999999999999,0.0,0.0
160.798180103302,-0.3499999999999999,-0.3499999999999999,0.0,0.0
160.94867777824402,-0.3499999999999999,-0.3499999999999999,0.0,0.0
161.10117435455322,-0.3499999999999999,-0.3499999999999999,0.0,0.0
161.25006818771362,-0.3499999999999999,-0.3499999999999999,0.0,0.0
161.40200877189636,-0.3499999999999999,-0.3499999999999999,0.0,0.0
161.55496978759766,-0.3499999999999999,-0.3499999999999999,0.0,0.0
161.70074439048767,-0.3499999999999999,-0.3499999999999999,0.0,0.0
161.85911011695862,-0.3499999999999999,-0.3499999999999999,0.0,0.0
162.00396490097046,-0.3499999999999999,-0.3499999999999999,0.0,0.0
162.15513801574707,-0.3499999999999999,-0.3499999999999999,0.0,0.0
162.30566120147705,-0.3499999999999999,-0.3499999999999999,0.0,0.0
162.45571660995483,-0.3499999999999999,-0.3499999999999999,0.0,0.0
162.6061360836029,-0.3499999999999999,-0.3499999999999999,0.0,0.0
162.75532698631287,-0.3499999999999999,-0.3499999999999999,0.0,0.0
162.90708994865417,-0.3499999999999999,-0.3499999999999999,0.0,0.0
163.06297612190247,-0.3499999999999999,-0.3499999999999999,0.0,0.0
163.21242809295654,-0.3499999999999999,-0.3499999999999999,0.0,0.0
163.36451935768127,-0.3499999999999999,-0.3499999999999999,0.0,0.0
163.51673364639282,-0.3499999999999999,-0.3499999999999999,0.0,0.0
163.66413950920105,-0.3499999999999999,-0.3499999999999999,0.0,0.0
163.81427526474,-0.3499999999999999,-0.3499999999999999,0.0,0.0
163.96566247940063,-0.3499999999999999,-0.3499999999999999,0.0,0.0
164.11463618278503,-0.31499999999999995,-0.31499999999999995,0.0,0.0
164.26295590400696,-0.31499999999999995,-0.31499999999999995,0.0,0.0
164.41474390029907,-0.31499999999999995,-0.31499999999999995,0.0,0.0
164.57047748565674,-0.31499999999999995,-0.31499999999999995,0.0,0.0
164.72092175483704,-0.31499999999999995,-0.31499999999999995,0.0,0.0
164.86855125427246,-0.31499999999999995,-0.31499999999999995,0.0,0.0
165.01894283294678,-0.31499999999999995,-0.31499999999999995,0.0,0.0
165.17104482650757,-0.31499999999999995,-0.31499999999999995,0.0,0.0
165.3288769721985,-0.31499999999999995,-0.31499999999999995,0.0,0.0
165.47071027755737,-0.31499999999999995,-0.31499999999999995,0.0,0.0
165.61963844299316,-0.31499999999999995,-0.31499999999999995,0.0,0.0
165.77142906188965,-0.31499999999999995,-0.31499999999999995,0.0,0.0
165.92497396469116,-0.31499999999999995,-0.31499999999999995,0.0,0.0
166.0755250453949,-0.31499999999999995,-0.31499999999999995,0.0,0.0
166.22677373886108,-0.31499999999999995,-0.31499999999999995,0.0,0.0
166.3763644695282,-0.31499999999999995,-0.31499999999999995,0.0,0.0
166.52820754051208,-0.31499999999999995,-0.31499999999999995,0.0,0.0
166.67189955711365,-0.31499999999999995,-0.31499999999999995,0.0,0.0
166.82567477226257,-0.31499999999999995,-0.31499999999999995,0.0,0.0
166.97588443756104,-0.31499999999999995,-0.31499999999999995,0.0,0.0
167.12725949287415,-0.31499999999999995,-0.31499999999999995,0.0,0.0
167.27881789207458,-0.31499999999999995,-0.31499999999999995,0.0,0.0
167.42797136306763,-0.31499999999999995,-0.31499999999999995,0.0,0.0
167.59766221046448,-0.31499999999999995,-0.31499999999999995,0.0,0.0
167.73331141471863,-0.31499999999999995,-0.31499999999999995,0.0,0.0
167.88599133491516,-0.31499999999999995,-0.31499999999999995,0.0,0.0
168.03214478492737,-0.31499999999999995,-0.31499999999999995,0.0,0.0
168.18301391601562,-0.31499999999999995,-0.31499999999999995,0.0,0.0
168.33090472221375,-0.31499999999999995,-0.31499999999999995,0.0,0.0
168.4877529144287,-0.31499999999999995,-0.31499999999999995,0.0,0.0
168.63861083984375,-0.31499999999999995,-0.31499999999999995,0.0,0.0
168.79087209701538,-0.31499999999999995,-0.31499999999999995,0.0,0.0
168.93872213363647,-0.31499999999999995,-0.31499999999999995,0.0,0.0
169.08749985694885,-0.27999999999999997,-0.27999999999999997,0.0,0.0
169.24204659461975,-0.27999999999999997,-0.27999999999999997,0.0,0.0
169.39605927467346,-0.27999999999999997,-0.27999999999999997,0.0,0.0
169.53968596458435,-0.27999999999999997,-0.27999999999999997,0.0,0.0
169.6907377243042,-0.27999999999999997,-0.27999999999999997,0.0,0.0
169.84284710884094,-0.27999999999999997,-0.27999999999999997,0.0,0.0
170.00048685073853,-0.27999999999999997,-0.27999999999999997,0.0,0.0
170.14113807678223,-0.27999999999999997,-0.27999999999999997,0.0,0.0
170.29445338249207,-0.27999999999999997,-0.27999999999999997,0.0,0.0
170.45064067840576,-0.27999999999999997,-0.27999999999999997,0.0,0.0
170.60446000099182,-0.27999999999999997,-0.27999999999999997,0.0,0.0
170.74650263786316,-0.27999999999999997,-0.27999999999999997,0.0,0.0
170.89683032035828,-0.27999999999999997,-0.27999999999999997,0.0,0.0
171.05153155326843,-0.27999999999999997,-0.27999999999999997,0.0,0.0
171.19988822937012,-0.27999999999999997,-0.27999999999999997,0.0,0.0
171.35154342651367,-0.27999999999999997,-0.27999999999999997,0.0,0.0
171.5044755935669,-0.27999999999999997,-0.27999999999999997,0.0,0.0
171.66040635108948,-0.27999999999999997,-0.27999999999999997,0.0,0.0
171.80082631111145,-0.27999999999999997,-0.27999999999999997,0.0,0.0
171.95523023605347,-0.27999999999999997,-0.27999999999999997,0.0,0.0
172.10348176956177,-0.27999999999999997,-0.27999999999999997,0.0,0.0
172.2519280910492,-0.27999999999999997,-0.27999999999999997,0.0,0.0
172.40826320648193,-0.27999999999999997,-0.27999999999999997,0.0,0.0
172.5563609600067,-0.27999999999999997,-0.27999999999999997,0.0,0.0
172.70567846298218,-0.27999999999999997,-0.27999999999999997,0.0,0.0
172.85680484771729,-0.27999999999999997,-0.27999999999999997,0.0,0.0
173.0052182674408,-0.27999999999999997,-0.27999999999999997,0.0,0.0
173.1640739440918,-0.27999999999999997,-0.27999999999999997,0.0,0.0
173.3087456226349,-0.27999999999999997,-0.27999999999999997,0.0,0.0
173.46165204048157,-0.27999999999999997,-0.27999999999999997,0.0,0.0
173.61047053337097,-0.27999999999999997,-0.27999999999999997,0.0,0.0
173.76235365867615,-0.27999999999999997,-0.27999999999999997,0.0,0.0
173.91124629974365,-0.27999999999999997,-0.27999999999999997,0.0,0.0
174.06137347221375,-0.24499999999999997,-0.24499999999999997,0.0,0.0
174.21131205558777,-0.24499999999999997,-0.24499999999999997,0.0,0.0
174.36498832702637,-0.24499999999999997,-0.24499999999999997,0.0,0.0
174.51993012428284,-0.24499999999999997,-0.24499999999999997,0.0,0.0
174.66568994522095,-0.24499999999999997,-0.24499999999999997,0.0,0.0
174.81484937667847,-0.24499999999999997,-0.24499999999999997,0.0,0.0
174.96427083015442,-0.24499999999999997,-0.24499999999999997,0.0,0.0
175.1198856830597,-0.24499999999999997,-0.24499999999999997,0.0,0.0
175.2666459083557,-0.24499999999999997,-0.24499999999999997,0.0,0.0
175.43690633773804,-0.24499999999999997,-0.24499999999999997,0.0,0.0
175.57751536369324,-0.24499999999999997,-0.24499999999999997,0.0,0.0
175.7208287715912,-0.24499999999999997,-0.24499999999999997,0.0,0.0
175.88182950019836,-0.24499999999999997,-0.24499999999999997,0.0,0.0
176.0197308063507,-0.24499999999999997,-0.24499999999999997,0.0,0.0
176.1885371208191,-0.24499999999999997,-0.24499999999999997,0.0,0.0
176.32356595993042,-0.24499999999999997,-0.24499999999999997,0.0,0.0
176.4769937992096,-0.24499999999999997,-0.24499999999999997,0.0,0.0
176.62748861312866,-0.24499999999999997,-0.24499999999999997,0.0,0.0
176.7778398990631,-0.24499999999999997,-0.24499999999999997,0.0,0.0
176.92297410964966,-0.24499999999999997,-0.24499999999999997,0.0,0.0
177.0755054950714,-0.24499999999999997,-0.24499999999999997,0.0,0.0
177.2283799648285,-0.24499999999999997,-0.24499999999999997,0.0,0.0
177.37883305549622,-0.24499999999999997,-0.24499999999999997,0.0,0.0
177.52889394760132,-0.24499999999999997,-0.24499999999999997,0.0,0.0
177.68153595924377,-0.24499999999999997,-0.24499999999999997,0.0,0.0
177.82915353775024,-0.24499999999999997,-0.24499999999999997,0.0,0.0
177.98020911216736,-0.24499999999999997,-0.24499999999999997,0.0,0.0
178.1333200931549,-0.24499999999999997,-0.24499999999999997,0.0,0.0
178.28431797027588,-0.24499999999999997,-0.24499999999999997,0.0,0.0
178.4383523464203,-0.24499999999999997,-0.24499999999999997,0.0,0.0
178.585875749588,-0.24499999999999997,-0.24499999999999997,0.0,0.0
178.73460483551025,-0.24499999999999997,-0.24499999999999997,0.0,0.0
178.88773846626282,-0.24499999999999997,-0.24499999999999997,0.0,0.0
179.03598952293396,-0.20999999999999996,-0.20999999999999996,0.0,0.0
179.19444060325623,-0.20999999999999996,-0.20999999999999996,0.0,0.0
179.33826541900635,-0.20999999999999996,-0.20999999999999996,0.0,0.0
179.48802423477173,-0.20999999999999996,-0.20999999999999996,0.0,0.0
179.63834643363953,-0.20999999999999996,-0.20999999999999996,0.0,0.0
179.7914490699768,-0.20999999999999996,-0.20999999999999996,0.0,0.0
179.94784426689148,-0.20999999999999996,-0.20999999999999996,0.0,0.0
180.09142518043518,-0.20999999999999996,-0.20999999999999996,0.0,0.0
180.24047803878784,-0.20999999999999996,-0.20999999999999996,0.0,0.0
180.39271664619446,-0.20999999999999996,-0.20999999999999996,0.0,0.0
180.548748254776,-0.20999999999999996,-0.20999999999999996,0.0,0.0
180.6950922012329,-0.20999999999999996,-0.20999999999999996,0.0,0.0
180.84934425354004,-0.20999999999999996,-0.20999999999999996,0.0,0.0
181.00333833694458,-0.20999999999999996,-0.20999999999999996,0.0,0.0
181.1488859653473,-0.20999999999999996,-0.20999999999999996,0.0,0.0
181.29769039154053,-0.20999999999999996,-0.20999999999999996,0.0,0.0
181.44926047325134,-0.20999999999999996,-0.20999999999999996,0.0,0.0
181.59766459465027,-0.20999999999999996,-0.20999999999999996,0.0,0.0
181.75117683410645,-0.20999999999999996,-0.20999999999999996,0.0,0.0
181.90364861488342,-0.20999999999999996,-0.20999999999999996,0.0,0.0
182.0512764453888,-0.20999999999999996,-0.20999999999999996,0.0,0.0
182.20384120941162,-0.20999999999999996,-0.20999999999999996,0.0,0.0
182.35806393623352,-0.20999999999999996,-0.20999999999999996,0.0,0.0
182.50785398483276,-0.20999999999999996,-0.20999999999999996,0.0,0.0
182.6532609462738,-0.20999999999999996,-0.20999999999999996,0.0,0.0
182.80790257453918,-0.20999999999999996,-0.20999999999999996,0.0,0.0
182.95503497123718,-0.20999999999999996,-0.20999999999999996,0.0,0.0
183.12289023399353,-0.20999999999999996,-0.20999999999999996,0.0,0.0
183.25786185264587,-0.20999999999999996,-0.20999999999999996,0.0,0.0
183.42097091674805,-0.20999999999999996,-0.20999999999999996,0.0,0.0
183.56290912628174,-0.20999999999999996,-0.20999999999999996,0.0,0.0
183.7073450088501,-0.20999999999999996,-0.20999999999999996,0.0,0.0
183.86183977127075,-0.20999999999999996,-0.20999999999999996,0.0,0.0
184.01265168190002,-0.17499999999999996,-0.17499999999999996,0.0,0.0
184.16246390342712,-0.17499999999999996,-0.17499999999999996,0.0,0.0
184.31392431259155,-0.17499999999999996,-0.17499999999999996,0.0,0.0
184.464173078537,-0.17499999999999996,-0.17499999999999996,0.0,0.0
184.61343431472778,-0.17499999999999996,-0.17499999999999996,0.0,0.0
184.7663381099701,-0.17499999999999996,-0.17499999999999996,0.0,0.0
184.91674256324768,-0.17499999999999996,-0.17499999999999996,0.0,0.0
185.06409239768982,-0.17499999999999996,-0.17499999999999996,0.0,0.0
185.21941876411438,-0.17499999999999996,-0.17499999999999996,0.0,0.0
185.36710286140442,-0.17499999999999996,-0.17499999999999996,0.0,0.0
185.51929569244385,-0.17499999999999996,-0.17499999999999996,0.0,0.0
185.67409777641296,-0.17499999999999996,-0.17499999999999996,0.0,0.0
185.8236939907074,-0.17499999999999996,-0.17499999999999996,0.0,0.0
185.97210502624512,-0.17499999999999996,-0.17499999999999996,0.0,0.0
186.1233127117157,-0.17499999999999996,-0.17499999999999996,0.0,0.0
186.27336430549622,-0.17499999999999996,-0.17499999999999996,0.0,0.0
186.42348766326904,-0.17499999999999996,-0.17499999999999996,0.0,0.0
186.57503199577332,-0.17499999999999996,-0.17499999999999996,0.0,0.0
186.72488474845886,-0.17499999999999996,-0.17499999999999996,0.0,0.0
186.883287191391,-0.17499999999999996,-0.17499999999999996,0.0,0.0
187.0304548740387,-0.17499999999999996,-0.17499999999999996,0.0,0.0
187.17833805084229,-0.17499999999999996,-0.17499999999999996,0.0,0.0
187.3265414237976,-0.17499999999999996,-0.17499999999999996,0.0,0.0
187.47777605056763,-0.17499999999999996,-0.17499999999999996,0.0,0.0
187.63609337806702,-0.17499999999999996,-0.17499999999999996,0.0,0.0
187.78182244300842,-0.17499999999999996,-0.17499999999999996,0.0,0.0
187.93312811851501,-0.17499999999999996,-0.17499999999999996,0.0,0.0
188.08044338226318,-0.17499999999999996,-0.17499999999999996,0.0,0.0
188.2524335384369,-0.17499999999999996,-0.17499999999999996,0.0,0.0
188.38602209091187,-0.17499999999999996,-0.17499999999999996,0.0,0.0
188.52852964401245,-0.17499999999999996,-0.17499999999999996,0.0,0.0
188.68460035324097,-0.17499999999999996,-0.17499999999999996,0.0,0.0
188.83350586891174,-0.17499999999999996,-0.17499999999999996,0.0,0.0
188.98862171173096,-0.13999999999999996,-0.13999999999999996,0.0,0.0
189.13827991485596,-0.13999999999999996,-0.13999999999999996,0.0,0.0
189.28891801834106,-0.13999999999999996,-0.13999999999999996,0.0,0.0
189.43883085250854,-0.13999999999999996,-0.13999999999999996,0.0,0.0
189.59019327163696,-0.13999999999999996,-0.13999999999999996,0.0,0.0
189.74708342552185,-0.13999999999999996,-0.13999999999999996,0.0,0.0
189.8931806087494,-0.13999999999999996,-0.13999999999999996,0.0,0.0
190.04429078102112,-0.13999999999999996,-0.13999999999999996,0.0,0.0
190.19448447227478,-0.13999999999999996,-0.13999999999999996,0.0,0.0
190.34687852859497,-0.13999999999999996,-0.13999999999999996,0.0,0.0
190.49596405029297,-0.13999999999999996,-0.13999999999999996,0.0,0.0
190.64871168136597,-0.13999999999999996,-0.13999999999999996,0.0,0.0
190.79821181297302,-0.13999999999999996,-0.13999999999999996,0.0,0.0
190.94632148742676,-0.13999999999999996,-0.13999999999999996,0.0,0.0
191.10260725021362,-0.13999999999999996,-0.13999999999999996,0.0,0.0
191.25379991531372,-0.13999999999999996,-0.13999999999999996,0.0,0.0
191.41085195541382,-0.13999999999999996,-0.13999999999999996,0.0,0.0
191.54971861839294,-0.13999999999999996,-0.13999999999999996,0.0,0.0
191.69516682624817,-0.13999999999999996,-0.13999999999999996,0.0,0.0
191.8535213470459,-0.13999999999999996,-0.13999999999999996,0.0,0.0
192.00052762031555,-0.13999999999999996,-0.13999999999999996,0.0,0.0
192.1489462852478,-0.13999999999999996,-0.13999999999999996,0.0,0.0
192.29985070228577,-0.13999999999999996,-0.13999999999999996,0.0,0.0
192.45369791984558,-0.13999999999999996,-0.13999999999999996,0.0,0.0
192.6043734550476,-0.13999999999999996,-0.13999999999999996,0.0,0.0
192.75841808319092,-0.13999999999999996,-0.13999999999999996,0.0,0.0
192.90322041511536,-0.13999999999999996,-0.13999999999999996,0.0,0.0
193.05811023712158,-0.13999999999999996,-0.13999999999999996,0.0,0.0
193.21044039726257,-0.13999999999999996,-0.13999999999999996,0.0,0.0
193.36206555366516,-0.13999999999999996,-0.13999999999999996,0.0,0.0
193.5122618675232,-0.13999999999999996,-0.13999999999999996,0.0,0.0
193.6739411354065,-0.13999999999999996,-0.13999999999999996,0.0,0.0
193.81312680244446,-0.13999999999999996,-0.13999999999999996,0.0,0.0
193.96135091781616,-0.13999999999999996,-0.13999999999999996,0.0,0.0
194.11132669448853,-0.10499999999999995,-0.10499999999999995,0.0,0.0
194.25957012176514,-0.10499999999999995,-0.10499999999999995,0.0,0.0
194.41407942771912,-0.10499999999999995,-0.10499999999999995,0.0,0.0
194.5637309551239,-0.10499999999999995,-0.10499999999999995,0.0,0.0
194.7435381412506,-0.10499999999999995,-0.10499999999999995,0.0,0.0
194.8658788204193,-0.10499999999999995,-0.10499999999999995,0.0,0.0
195.0161120891571,-0.10499999999999995,-0.10499999999999995,0.0,0.0
195.16548585891724,-0.10499999999999995,-0.10499999999999995,0.0,0.0
195.31734824180603,-0.10499999999999995,-0.10499999999999995,0.0,0.0
195.46662759780884,-0.10499999999999995,-0.10499999999999995,0.0,0.0
195.65025091171265,-0.10499999999999995,-0.10499999999999995,0.0,0.0
195.77344608306885,-0.10499999999999995,-0.10499999999999995,0.0,0.0
195.94406414031982,-0.10499999999999995,-0.10499999999999995,0.0,0.0
196.07094764709473,-0.10499999999999995,-0.10499999999999995,0.0,0.0
196.22774863243103,-0.10499999999999995,-0.10499999999999995,0.0,0.0
196.37007355690002,-0.10499999999999995,-0.10499999999999995,0.0,0.0
196.52412390708923,-0.10499999999999995,-0.10499999999999995,0.0,0.0
196.67515635490417,-0.10499999999999995,-0.10499999999999995,0.0,0.0
196.8260350227356,-0.10499999999999995,-0.10499999999999995,0.0,0.0
196.97540855407715,-0.10499999999999995,-0.10499999999999995,0.0,0.0
197.12584352493286,-0.10499999999999995,-0.10499999999999995,0.0,0.0
197.276132106781,-0.10499999999999995,-0.10499999999999995,0.0,0.0
197.42632365226746,-0.10499999999999995,-0.10499999999999995,0.0,0.0
197.58293986320496,-0.10499999999999995,-0.10499999999999995,0.0,0.0
197.73044657707214,-0.10499999999999995,-0.10499999999999995,0.0,0.0
197.88066697120667,-0.10499999999999995,-0.10499999999999995,0.0,0.0
198.03461456298828,-0.10499999999999995,-0.10499999999999995,0.0,0.0
198.18173813819885,-0.10499999999999995,-0.10499999999999995,0.0,0.0
198.33421802520752,-0.10499999999999995,-0.10499999999999995,0.0,0.0
198.483380317688,-0.10499999999999995,-0.10499999999999995,0.0,0.0
198.63518142700195,-0.10499999999999995,-0.10499999999999995,0.0,0.0
198.801771402359,-0.10499999999999995,-0.10499999999999995,0.0,0.0
198.93754696846008,-0.10499999999999995,-0.10499999999999995,0.0,0.0
199.09036898612976,-0.06999999999999995,-0.06999999999999995,0.0,0.0
199.23476839065552,-0.06999999999999995,-0.06999999999999995,0.0,0.0
199.3869333267212,-0.06999999999999995,-0.06999999999999995,0.0,0.0
199.54014921188354,-0.06999999999999995,-0.06999999999999995,0.0,0.0
199.70547723770142,-0.06999999999999995,-0.06999999999999995,0.0,0.0
199.8418164253235,-0.06999999999999995,-0.06999999999999995,0.0,0.0
199.99215388298035,-0.06999999999999995,-0.06999999999999995,0.0,0.0
200.1443498134613,-0.06999999999999995,-0.06999999999999995,0.0,0.0
200.29588103294373,-0.06999999999999995,-0.06999999999999995,0.0,0.0
200.4466733932495,-0.06999999999999995,-0.06999999999999995,0.0,0.0
200.5947449207306,-0.06999999999999995,-0.06999999999999995,0.0,0.0
200.74534010887146,-0.06999999999999995,-0.06999999999999995,0.0,0.0
200.89643239974976,-0.06999999999999995,-0.06999999999999995,0.0,0.0
201.04539155960083,-0.06999999999999995,-0.06999999999999995,0.0,0.0
201.19918990135193,-0.06999999999999995,-0.06999999999999995,0.0,0.0
201.34725522994995,-0.06999999999999995,-0.06999999999999995,0.0,0.0
201.49844002723694,-0.06999999999999995,-0.06999999999999995,0.0,0.0
201.65658855438232,-0.06999999999999995,-0.06999999999999995,0.0,0.0
201.80072808265686,-0.06999999999999995,-0.06999999999999995,0.0,0.0
201.95218110084534,-0.06999999999999995,-0.06999999999999995,0.0,0.0
202.10256218910217,-0.06999999999999995,-0.06999999999999995,0.0,0.0
202.2538366317749,-0.06999999999999995,-0.06999999999999995,0.0,0.0
202.40670490264893,-0.06999999999999995,-0.06999999999999995,0.0,0.0
202.55421662330627,-0.06999999999999995,-0.06999999999999995,0.0,0.0
202.70810389518738,-0.06999999999999995,-0.06999999999999995,0.0,0.0
202.85343956947327,-0.06999999999999995,-0.06999999999999995,0.0,0.0
203.01061367988586,-0.06999999999999995,-0.06999999999999995,0.0,0.0
203.16041827201843,-0.06999999999999995,-0.06999999999999995,0.0,0.0
203.30963039398193,-0.06999999999999995,-0.06999999999999995,0.0,0.0
203.45937037467957,-0.06999999999999995,-0.06999999999999995,0.0,0.0
203.6118049621582,-0.06999999999999995,-0.06999999999999995,0.0,0.0
203.78237390518188,-0.06999999999999995,-0.06999999999999995,0.0,0.0
203.9117374420166,-0.06999999999999995,-0.06999999999999995,0.0,0.0
204.0626072883606,-0.034999999999999955,-0.034999999999999955,0.0,0.0
204.21721577644348,-0.034999999999999955,-0.034999999999999955,0.0,0.0
204.36786770820618,-0.034999999999999955,-0.034999999999999955,0.0,0.0
204.5118110179901,-0.034999999999999955,-0.034999999999999955,0.0,0.0
204.6633951663971,-0.034999999999999955,-0.034999999999999955,0.0,0.0
204.81531691551208,-0.034999999999999955,-0.034999999999999955,0.0,0.0
204.9703288078308,-0.034999999999999955,-0.034999999999999955,0.0,0.0
205.12041449546814,-0.034999999999999955,-0.034999999999999955,0.0,0.0
205.2669050693512,-0.034999999999999955,-0.034999999999999955,0.0,0.0
205.4170277118683,-0.034999999999999955,-0.034999999999999955,0.0,0.0
205.5674958229065,-0.034999999999999955,-0.034999999999999955,0.0,0.0
205.72289109230042,-0.034999999999999955,-0.034999999999999955,0.0,0.0
205.87167882919312,-0.034999999999999955,-0.034999999999999955,0.0,0.0
206.02034068107605,-0.034999999999999955,-0.034999999999999955,0.0,0.0
206.16893100738525,-0.034999999999999955,-0.034999999999999955,0.0,0.0
206.32233500480652,-0.034999999999999955,-0.034999999999999955,0.0,0.0
206.47382187843323,-0.034999999999999955,-0.034999999999999955,0.0,0.0
206.62508296966553,-0.034999999999999955,-0.034999999999999955,0.0,0.0
206.77784204483032,-0.034999999999999955,-0.034999999999999955,0.0,0.0
206.92444324493408,-0.034999999999999955,-0.034999999999999955,0.0,0.0
207.0766487121582,-0.034999999999999955,-0.034999999999999955,0.0,0.0
207.2301094532013,-0.034999999999999955,-0.034999999999999955,0.0,0.0
207.37782740592957,-0.034999999999999955,-0.034999999999999955,0.0,0.0
207.52639174461365,-0.034999999999999955,-0.034999999999999955,0.0,0.0
